region,lat,lng
Hokkaido Sapporo-shi,43.0617713,141.3544507
Hokkaido Sapporo-shi Chuo-ku,43.04684839999999,141.3221139
Hokkaido Sapporo-shi Kita-ku,43.1448729,141.3585619
Hokkaido Sapporo-shi Higashi-ku,43.11938079999999,141.3993795
Hokkaido Sapporo-shi Shiroishi-ku,43.0623511,141.4132777
Hokkaido Sapporo-shi Toyohira-ku,43.0308342,141.3864478
Hokkaido Sapporo-shi Minami-ku,42.9539188,141.2199991
Hokkaido Sapporo-shi Nishi-ku,43.0628202,141.2577227
Hokkaido Sapporo-shi Atsubetsu-ku,43.046262,141.4775858
Hokkaido Sapporo-shi Teine-ku,43.1103641,141.2200076
Hokkaido Sapporo-shi Kiyota-ku,42.9612319,141.4206619
Hokkaido Hakodate-shi,41.7686961,140.7290599
Hokkaido Otaru-shi,43.1902372,140.994172
Hokkaido Asahikawa-shi,43.7708833,142.3650083
Hokkaido Muroran-shi,42.3151792,140.9737666
Hokkaido Kushiro-shi,42.9849413,144.3818041
Hokkaido Obihiro-shi,42.9233354,143.197199
Hokkaido Kitami-shi,43.8039761,143.8957837
Hokkaido Yubari-shi,43.0567681,141.9739433
Hokkaido Iwamizawa-shi,43.1753202,141.8309669
Hokkaido Abashiri-shi,44.0206059,144.2734837
Hokkaido Rumoi-shi,43.9410074,141.6369432
Hokkaido Tomakomai-shi,42.63124639999999,141.6031222
Hokkaido Wakkanai-shi,45.4156307,141.6733641
Hokkaido Bibai-shi,43.3328322,141.8538617
Hokkaido Ashibetsu-shi,43.5183186,142.1894916
Hokkaido Ebetsu-shi,43.1037667,141.5362413
Hokkaido Akabira-shi,43.5580562,142.044207
Hokkaido Mombetsu-shi,44.3564386,143.3543524
Hokkaido Shibetsu-shi,44.1786188,142.4001131
Hokkaido Nayoro-shi,44.3560311,142.4631977
Hokkaido Mikasa-shi,43.2456519,141.8752815
Hokkaido Nemuro-shi,43.3301005,145.5828181
Hokkaido Chitose-shi,42.82128669999999,141.6510125
Hokkaido Takikawa-shi,43.5578133,141.9103331
Hokkaido Sunagawa-shi,43.49497969999999,141.9034416
Hokkaido Utashinai-shi,43.5214686,142.0345304
Hokkaido Fukagawa-shi,43.7232882,142.0533179
Hokkaido Furano-shi,43.3420458,142.3831624
Hokkaido Noboribetsu-shi,42.4127914,141.1066064
Hokkaido Eniwa-shi,42.8825193,141.5777013
Hokkaido Date-shi,42.4718668,140.864685
Hokkaido Kitahiroshima-shi,42.9854112,141.563034
Hokkaido Ishikari-shi,43.1714217,141.3155371
Hokkaido Hokuto-shi,41.823019,140.6526793
Hokkaido Tobetsu-cho,43.2237316,141.5170373
Hokkaido Shinshinotsu-mura,43.2246525,141.649351
Hokkaido Matsumae-cho,41.4300208,140.1104794
Hokkaido Fukushima-cho,41.4833932,140.2514294
Hokkaido Shiriuchi-cho,41.5982835,140.4188373
Hokkaido Kikonai-cho,41.6784048,140.4377189
Hokkaido Nanae-cho,41.895745,140.6944896
Hokkaido Shikabe-cho,42.03852270000001,140.8159209
Hokkaido Mori-machi,42.1050411,140.5765667
Hokkaido Yakumo-cho,42.2559793,140.2653205
Hokkaido Oshamambe-cho,42.5135467,140.380348
Hokkaido Esashi-cho,44.9387043,142.5813978
Hokkaido Kaminokuni-cho,41.8011503,140.1212558
Hokkaido Assabu-cho,41.9209246,140.2255309
Hokkaido Otobe-cho,41.96855559999999,140.1356254
Hokkaido Okushiri-cho,42.1612765,139.4521966
Hokkaido Imakane-cho,42.429358,140.008706
Hokkaido Setana-cho,42.4174342,139.8827532
Hokkaido Shimamaki-mura,42.7006352,140.0613937
Hokkaido Suttsu-cho,42.7913873,140.2284401
Hokkaido Kuromatsunai-cho,42.6678745,140.3075375
Hokkaido Rankoshi-cho,42.8091742,140.5283121
Hokkaido Niseko-cho,42.8047856,140.6874494
Hokkaido Makkari-mura,42.7630096,140.8036968
Hokkaido Rusutsu-mura,42.7373349,140.8757346
Hokkaido Kimobetsu-cho,42.7954812,140.9345793
Hokkaido Kyogoku-cho,42.8584874,140.884085
Hokkaido Kutchan-cho,42.9023044,140.7565005
Hokkaido Kyowa-cho,42.9803995,140.6112175
Hokkaido Iwanai-cho,42.9797665,140.5147367
Hokkaido Tomari-mura,43.0632098,140.4988147
Hokkaido Kamoenai-mura,43.1438043,140.4307981
Hokkaido Shakotan-cho,43.2971136,140.4640133
Hokkaido Furubira-cho,43.2653745,140.6389884
Hokkaido Niki-cho,43.1520521,140.7660378
Hokkaido Yoichi-cho,43.1953559,140.7847296
Hokkaido Akaigawa-mura,43.0835243,140.813637
Hokkaido Nanporo-cho,43.0637414,141.6503413
Hokkaido Naie-cho,43.4254115,141.8829065
Hokkaido Kamisunagawa-cho,43.4826633,141.9840593
Hokkaido Yuni-cho,42.9995828,141.7903261
Hokkaido Naganuma-cho,43.0103816,141.6953098
Hokkaido Kuriyama-cho,43.0563748,141.7841372
Hokkaido Tsukigata-cho,43.3383584,141.6694437
Hokkaido Urausu-cho,43.430499,141.8195324
Hokkaido Shintotsukawa-cho,43.548586,141.8769728
Hokkaido Moseushi-cho,43.7001648,141.9614861
Hokkaido Chippubetsu-cho,43.7670812,141.958195
Hokkaido Uryu-cho,43.64393159999999,141.8890099
Hokkaido Hokuryu-cho,43.7315055,141.8792542
Hokkaido Numata-cho,43.8068287,141.9334172
Hokkaido Takasu-cho,43.8433679,142.3531913
Hokkaido Higashikagura-cho,43.6962368,142.4520034
Hokkaido Tohma-cho,43.8282629,142.5085146
Hokkaido Pippu-cho,43.875077,142.4777157
Hokkaido Aibetsu-cho,43.9064652,142.5777396
Hokkaido Kamikawa-cho,43.8471582,142.7703824
Hokkaido Higashikawa-cho,43.6991818,142.5100106
Hokkaido Biei-cho,43.5882639,142.4670046
Hokkaido Kamifurano-cho,43.4556476,142.4671275
Hokkaido Nakafurano-cho,43.4057536,142.425137
Hokkaido Minamifurano-cho,43.1642201,142.5684074
Hokkaido Shimukappu-mura,42.9799042,142.3984005
Hokkaido Wassamu-cho,44.0233269,142.413288
Hokkaido Kembuchi-cho,44.095823,142.3611596
Hokkaido Shimokawa-cho,44.3026182,142.6352434
Hokkaido Bifuka-cho,44.4810795,142.3430241
Hokkaido Otoineppu-mura,44.7250795,142.2624327
Hokkaido Nakagawa-cho,44.8115037,142.0714444
Hokkaido Horokanai-cho,44.0099445,142.1538429
Hokkaido Mashike-cho,43.8560831,141.5251558
Hokkaido Obira-cho,44.0151849,141.6627351
Hokkaido Tomamae-cho,44.3061419,141.6532114
Hokkaido Haboro-cho,44.3608225,141.6973093
Hokkaido Shosambetsu-mura,44.532023,141.7666445
Hokkaido Embetsu-cho,43.1037667,141.5362413
Hokkaido Teshio-cho,44.8882241,141.7452424
Hokkaido Sarufutsu-mura,45.330636,142.1089075
Hokkaido Hamatombetsu-cho,45.1237674,142.3596877
Hokkaido Nakatombetsu-cho,44.9697714,142.2867478
Hokkaido Esashi-cho,44.9387043,142.5813978
Hokkaido Toyotomi-cho,45.1029277,141.7775395
Hokkaido Rebun-cho,45.3032949,141.0478819
Hokkaido Rishiri-cho,45.1870791,141.1396512
Hokkaido Rishirifuji-cho,45.24752660000001,141.2146261
Hokkaido Horonobe-cho,45.0177333,141.8494103
Hokkaido Bihoro-cho,43.8237529,144.1071687
Hokkaido Tsubetsu-cho,43.7065935,144.0248757
Hokkaido Shari-cho,43.9114765,144.6707651
Hokkaido Kiyosato-cho,43.8352389,144.5945629
Hokkaido Koshimizu-cho,43.8566446,144.4620497
Hokkaido Kunneppu-cho,43.7254025,143.7416559
Hokkaido Oketo-cho,43.6763094,143.5862555
Hokkaido Saroma-cho,44.017912,143.7747588
Hokkaido Engaru-cho,44.062027,143.5279742
Hokkaido Yubetsu-cho,44.15154829999999,143.5729109
Hokkaido Takinoue-cho,44.1923486,143.0775452
Hokkaido Okoppe-cho,44.4698144,143.1240523
Hokkaido Nishiokoppe-mura,44.3287656,142.944533
Hokkaido Omu-cho,44.5825323,142.9619827
Hokkaido Ozora-cho,43.9118662,144.1727428
Hokkaido Toyoura-cho,42.583484,140.7118457
Hokkaido Sobetsu-cho,42.5526328,140.8857213
Hokkaido Shiraoi-cho,42.5513683,141.3558132
Hokkaido Atsuma-cho,42.7229102,141.8782468
Hokkaido Toyako-cho,42.55116659999999,140.7641342
Hokkaido Abira-cho,42.7628108,141.8179269
Hokkaido Mukawa-cho,42.5747255,141.926692
Hokkaido Hidaka-cho,42.48032569999999,142.0744267
Hokkaido Biratori-cho,42.5850188,142.1285605
Hokkaido Niikappu-cho,42.3624744,142.3183379
Hokkaido Urakawa-cho,42.1686147,142.7684545
Hokkaido Samani-cho,42.1278935,142.9336901
Hokkaido Erimo-cho,42.0163309,143.1485549
Hokkaido Shinhidaka-cho,42.34131989999999,142.3686469
Hokkaido Otofuke-cho,42.9941462,143.1979057
Hokkaido Shihoro-cho,43.1680544,143.2414014
Hokkaido Kamishihoro-cho,43.2326472,143.2961799
Hokkaido Shikaoi-cho,43.0988745,142.9889931
Hokkaido Shintoku-cho,43.0797832,142.8388718
Hokkaido Shimizu-cho,43.0113771,142.884509
Hokkaido Memuro-cho,42.9119137,143.0508638
Hokkaido Nakasatsunai-mura,42.6976121,143.1323949
Hokkaido Sarabetsu-mura,42.6504165,143.1878331
Hokkaido Taiki-cho,42.4975719,143.2788614
Hokkaido Hiroo-cho,42.2859988,143.3117489
Hokkaido Makubetsu-cho,42.9085701,143.3560712
Hokkaido Ikeda-cho,42.9292788,143.4477073
Hokkaido Toyokoro-cho,42.80105040000001,143.5058522
Hokkaido Hombetsu-cho,44.3564386,143.3543524
Hokkaido Ashoro-cho,43.2449157,143.5540194
Hokkaido Rikubetsu-cho,43.468954,143.7474309
Hokkaido Urahoro-cho,42.8089581,143.6585257
Hokkaido Kushiro-cho,42.9960338,144.466091
Hokkaido Akkeshi-cho,43.0519506,144.8473693
Hokkaido Hamanaka-cho,43.0777906,145.1291538
Hokkaido Shibecha-cho,43.3033203,144.6008458
Hokkaido Teshikaga-cho,43.48534799999999,144.4592988
Hokkaido Tsurui-mura,43.2301969,144.3213393
Hokkaido Shiranuka-cho,42.9561621,144.0717588
Hokkaido Betsukai-cho,43.3938735,145.1175339
Hokkaido Nakashibetsu-cho,43.5552107,144.9715637
Hokkaido Shibetsu-cho,43.6612538,145.1313612
Hokkaido Rausu-cho,44.0218788,145.1897129
Aomori-ken Aomori-shi,40.8222197,140.7473524
Aomori-ken Hirosaki-shi,40.6030626,140.4640543
Aomori-ken Hachinohe-shi,40.5122055,141.4882743
Aomori-ken Kuroishi-shi,40.6426266,140.5946719
Aomori-ken Goshogawara-shi,40.8076933,140.4461156
Aomori-ken Towada-shi,40.6126011,141.2069318
Aomori-ken Misawa-shi,40.683157,141.3690006
Aomori-ken Mutsu-shi,41.2927986,141.1834683
Aomori-ken Tsugaru-shi,40.808222,140.3805004
Aomori-ken Hirakawa-shi,40.5840748,140.5666153
Aomori-ken Hiranai-machi,40.9260794,140.9558994
Aomori-ken Imabetsu-machi,41.1819076,140.4817372
Aomori-ken Yomogita-mura,40.9719299,140.6560044
Aomori-ken Sotogahama-machi,41.0425878,140.6320133
Aomori-ken Ajigasawa-machi,40.7798998,140.208653
Aomori-ken Fukaura-machi,40.6478459,139.9276061
Aomori-ken Nishimeya-mura,40.5767066,140.2962588
Aomori-ken Fujisaki-machi,40.6561385,140.5028079
Aomori-ken Owani-machi,40.517942,140.5686345
Aomori-ken Inakadate-mura,40.63130109999999,140.5502528
Aomori-ken Itayanagi-machi,40.6959871,140.4575435
Aomori-ken Tsuruta-machi,40.7587474,140.4286196
Aomori-ken Nakadomari-machi,40.9604366,140.4338661
Aomori-ken Noheji-machi,40.86446129999999,141.1287144
Aomori-ken Shichinohe-machi,40.6974224,141.1510243
Aomori-ken Rokunohe-machi,40.6095745,141.3247266
Aomori-ken Yokohama-machi,41.0831433,141.2477228
Aomori-ken Tohoku-machi,40.7279629,141.2578405
Aomori-ken Rokkasho-mura,40.9673406,141.3744879
Aomori-ken Oirase-cho,40.5993178,141.3976282
Aomori-ken Oma-machi,41.5267934,140.9074974
Aomori-ken Higashidori-mura,41.2774076,141.3305953
Aomori-ken Kazamaura-mura,41.4875777,140.995713
Aomori-ken Sai-mura,41.4296776,140.8585705
Aomori-ken Sannohe-machi,40.3784424,141.2586937
Aomori-ken Gonohe-machi,40.5311717,141.3079712
Aomori-ken Takko-machi,40.3399922,141.1522493
Aomori-ken Nambu-cho,40.4667161,141.3820655
Aomori-ken Hashikami-cho,40.4524042,141.6210049
Aomori-ken Shingo-mura,40.4657658,141.1734956
Iwate-ken Morioka-shi,39.7019558,141.1543303
Iwate-ken Miyako-shi,39.6394645,141.9462611
Iwate-ken Ofunato-shi,39.0819002,141.7084933
Iwate-ken Hanamaki-shi,39.3886253,141.1168998
Iwate-ken Kitakami-shi,39.2867738,141.1131535
Iwate-ken Kuji-shi,40.190462,141.7755843
Iwate-ken Tono-shi,39.3306618,141.5314512
Iwate-ken Ichinoseki-shi,38.934703,141.1268764
Iwate-ken Rikuzentakata-shi,39.0277532,141.6255002
Iwate-ken Kamaishi-shi,39.27580460000001,141.8857275
Iwate-ken Ninohe-shi,40.2711044,141.3050625
Iwate-ken Hachimantai-shi,39.9565121,141.0712561
Iwate-ken Oshu-shi,39.1444106,141.1392153
Iwate-ken Takizawashi,39.7346312,141.0773304
Iwate-ken Shizukuishi-cho,39.6962888,140.9757447
Iwate-ken Kuzumaki-machi,40.0398211,141.4366957
Iwate-ken Iwate-machi,39.9726552,141.2124895
Iwate-ken Shiwa-cho,39.55455140000001,141.155622
Iwate-ken Yahaba-cho,39.6060296,141.1429791
Iwate-ken Nishiwaga-machi,39.317689,140.778656
Iwate-ken Kanegasaki-cho,39.1957796,141.116246
Iwate-ken Hiraizumi-cho,39.0017355,141.102596
Iwate-ken Sumita-cho,39.1422926,141.5749901
Iwate-ken Otsuchi-cho,39.3583253,141.9005361
Iwate-ken Yamada-machi,39.4676212,141.9490579
Iwate-ken Iwaizumi-cho,39.84320030000001,141.7965427
Iwate-ken Tanohata-mura,39.9304748,141.8888973
Iwate-ken Fudai-mura,40.00521080000001,141.8859406
Iwate-ken Karumai-machi,40.3267202,141.4606368
Iwate-ken Noda-mura,40.1102393,141.8177731
Iwate-ken Kunohe-mura,40.2113905,141.4190487
Iwate-ken Hirono-cho,40.4082359,141.7187513
Iwate-ken Ichinohe-machi,40.2130221,141.295616
Miyagi-ken Sendai-shi,38.268195,140.869418
Miyagi-ken Sendai-shi Aoba-ku,38.3267774,140.6779418
Miyagi-ken Sendai-shi Miyagino-ku,38.2789376,140.9508565
Miyagi-ken Sendai-shi Wakabayashi-ku,38.2209121,140.9429872
Miyagi-ken Sendai-shi Taihaku-ku,38.2589652,140.6691687
Miyagi-ken Sendai-shi Izumi-ku,38.33822600000001,140.7992108
Miyagi-ken Ishinomaki-shi,38.434332,141.3028682
Miyagi-ken Shiogama-shi,38.31437,141.0220608
Miyagi-ken Kesennuma-shi,38.907641,141.5703316
Miyagi-ken Shiroishi-shi,38.0022622,140.6199545
Miyagi-ken Natori-shi,38.1715435,140.8919822
Miyagi-ken Kakuda-shi,37.977024,140.7818683
Miyagi-ken Tagajo-shi,38.2938504,141.0044375
Miyagi-ken Iwanuma-shi,38.1043106,140.8701987
Miyagi-ken Tome-shi,38.6918716,141.1876508
Miyagi-ken Kurihara-shi,38.7300671,141.0213438
Miyagi-ken Higashimatsushima-shi,38.4268108,141.2104374
Miyagi-ken Osaki-shi,38.5770849,140.9556308
Miyagi-ken Tomiya-shi,38.3999673,140.8952018
Miyagi-ken Zao-machi,38.0980663,140.6587766
Miyagi-ken Shichikashuku-machi,37.9932199,140.4417445
Miyagi-ken Ogawara-machi,38.0507925,140.7365239
Miyagi-ken Murata-machi,38.1185251,140.7224796
Miyagi-ken Shibata-machi,38.0565346,140.7658363
Miyagi-ken Kawasaki-machi,38.1777217,140.6432336
Miyagi-ken Marumori-machi,37.9115173,140.7654231
Miyagi-ken Watari-cho,38.0378009,140.8525347
Miyagi-ken Yamamoto-cho,37.9618037,140.8781785
Miyagi-ken Matsushima-machi,38.3801905,141.067293
Miyagi-ken Shichigahama-machi,38.3044991,141.0590813
Miyagi-ken Rifu-cho,38.3303158,140.9757366
Miyagi-ken Taiwa-cho,38.4371373,140.8861902
Miyagi-ken Osato-cho,38.4242955,141.0045429
Miyagi-ken Ohira-mura,38.4672424,140.8799845
Miyagi-ken Shikama-cho,38.5485332,140.84995
Miyagi-ken Kami-machi,38.6108443,140.7550026
Miyagi-ken Wakuya-cho,38.5396885,141.1281782
Miyagi-ken Misato-machi,38.5860689,141.0340639
Miyagi-ken Onagawa-cho,38.44111960000001,141.4443913
Miyagi-ken Minamisanriku-cho,38.6808906,141.4625848
Akita-ken Akita-shi,39.7199668,140.1034795
Akita-ken Noshiro-shi,40.2118632,140.027125
Akita-ken Yokote-shi,39.3138283,140.5665878
Akita-ken Odate-shi,40.2714146,140.5641387
Akita-ken Oga-shi,39.8869086,139.8476079
Akita-ken Yuzawa-shi,39.1643877,140.4957009
Akita-ken Kazuno-shi,40.2157715,140.7885015
Akita-ken Yurihonjo-shi,39.38584720000001,140.048885
Akita-ken Katagami-shi,39.8572515,140.0130355
Akita-ken Daisen-shi,39.453276,140.4754971
Akita-ken Kitaakita-shi,40.2260484,140.370846
Akita-ken Nikaho-shi,39.2030128,139.9077246
Akita-ken Semboku-shi,39.70005570000001,140.7306706
Akita-ken Kosaka-machi,40.3330883,140.7360745
Akita-ken Kamikoani-mura,40.0637814,140.2962805
Akita-ken Fujisato-machi,40.2784306,140.2618084
Akita-ken Mitane-cho,40.1015687,140.0049679
Akita-ken Happou-cho,40.3187181,140.0385939
Akita-ken Gojome-machi,39.9438973,140.1115349
Akita-ken Hachirogata-machi,39.9493588,140.0733624
Akita-ken Ikawa-machi,39.9141724,140.0813114
Akita-ken Ogata-mura,40.0183158,139.9605374
Akita-ken Misato-cho,39.4615423,140.5820818
Akita-ken Ugo-machi,39.1996962,140.4122967
Akita-ken Higashinaruse-mura,39.1791874,140.6490765
Yamagata-ken Yamagata-shi,38.2554153,140.3396175
Yamagata-ken Yonezawa-shi,37.9223201,140.1167445
Yamagata-ken Tsuruoka-shi,38.7271972,139.8267422
Yamagata-ken Sakata-shi,38.9147809,139.8366436
Yamagata-ken Shinjo-shi,38.7650067,140.3016961
Yamagata-ken Sagae-shi,38.3805369,140.2763569
Yamagata-ken Kaminoyama-shi,38.1495569,140.267843
Yamagata-ken Murayama-shi,38.4833148,140.3803624
Yamagata-ken Nagai-shi,38.1074728,140.0405256
Yamagata-ken Tendo-shi,38.36199939999999,140.3770382
Yamagata-ken Higashine-shi,38.4313272,140.3909383
Yamagata-ken Obanazawa-shi,38.6006855,140.405699
Yamagata-ken Nanyo-shi,38.054728,140.1478765
Yamagata-ken Yamanobe-machi,38.2895456,140.2624204
Yamagata-ken Nakayama-machi,38.333152,140.2830195
Yamagata-ken Kahoku-cho,38.4263202,140.314356
Yamagata-ken Nishikawa-machi,38.4264893,140.1473672
Yamagata-ken Asahi-machi,38.2992619,140.1458935
Yamagata-ken Oe-machi,38.3807324,140.2068294
Yamagata-ken Oishida-machi,38.5938623,140.3725996
Yamagata-ken Kaneyama-machi,38.8833675,140.3393281
Yamagata-ken Mogami-machi,38.7585382,140.5193265
Yamagata-ken Funagata-machi,38.6913482,140.3198772
Yamagata-ken Mamurogawa-machi,38.85774790000001,140.252441
Yamagata-ken Okura-mura,38.7041339,140.2305113
Yamagata-ken Sakegawa-mura,38.79631270000001,140.2218524
Yamagata-ken Tozawa-mura,38.7376227,140.143702
Yamagata-ken Takahata-machi,38.0027438,140.1892163
Yamagata-ken Kawanishi-machi,38.0044319,140.0458594
Yamagata-ken Oguni-machi,38.0615496,139.7433517
Yamagata-ken Shirataka-machi,38.1831434,140.0984599
Yamagata-ken Iide-machi,38.0455713,139.9878689
Yamagata-ken Mikawa-machi,38.7945327,139.8496063
Yamagata-ken Shonai-machi,38.8498797,139.9048849
Yamagata-ken Yuza-machi,39.0145659,139.9074169
Fukushima-ken Fukushima-shi,37.7607991,140.4747855
Fukushima-ken Aizuwakamatsu-shi,37.4899827,139.9277486
Fukushima-ken Koriyama-shi,37.40047759999999,140.3596822
Fukushima-ken Iwaki-shi,37.0505055,140.8877435
Fukushima-ken Shirakawa-shi,37.1266145,140.211014
Fukushima-ken Sukagawa-shi,37.2868591,140.3727782
Fukushima-ken Kitakata-shi,37.6513048,139.8746281
Fukushima-ken Soma-shi,37.7970426,140.9190868
Fukushima-ken Nihonmatsu-shi,37.5848714,140.4312591
Fukushima-ken Tamura-shi,37.4405664,140.5764032
Fukushima-ken Minamisoma-shi,37.6422006,140.957261
Fukushima-ken Date-shi,37.8191423,140.5628749
Fukushima-ken Motomiya-shi,37.51313870000001,140.393895
Fukushima-ken Kori-machi,37.8495176,140.5164049
Fukushima-ken Kunimi-machi,37.8768126,140.5494011
Fukushima-ken Kawamata-machi,37.6651095,140.5982404
Fukushima-ken Otama-mura,37.5343552,140.37119
Fukushima-ken Kagamiishi-machi,37.2528124,140.3434888
Fukushima-ken Tenei-mura,37.25557490000001,140.2471971
Fukushima-ken Shimogo-machi,37.2555639,139.8721203
Fukushima-ken Hinoemata-mura,37.0241499,139.3888872
Fukushima-ken Tadami-machi,37.3489055,139.3160686
Fukushima-ken Minamiaizu-machi,37.2004645,139.7738212
Fukushima-ken Kitashiobara-mura,37.6557471,139.9375554
Fukushima-ken Nishiaizu-machi,37.5894377,139.64761
Fukushima-ken Bandai-machi,37.56212,139.9887373
Fukushima-ken Inawashiro-machi,37.5577638,140.1048394
Fukushima-ken Aizubange-machi,37.5615051,139.8217746
Fukushima-ken Yugawa-mura,37.5654249,139.8866666
Fukushima-ken Yanaizu-machi,37.5279859,139.7224492
Fukushima-ken Mishima-machi,37.4703464,139.6441251
Fukushima-ken Kaneyama-machi,37.45380129999999,139.5243047
Fukushima-ken Showa-mura,37.3356369,139.6109747
Fukushima-ken Aizumisato-machi,37.4598427,139.8411652
Fukushima-ken Nishigo-mura,37.1417791,140.1553883
Fukushima-ken Izumizaki-mura,37.15371830000001,140.3019717
Fukushima-ken Nakajima-mura,37.1489211,140.3502201
Fukushima-ken Yabuki-machi,37.20124670000001,140.338474
Fukushima-ken Tanagura-machi,37.0299581,140.3796351
Fukushima-ken Yamatsuri-machi,36.87137550000001,140.4247731
Fukushima-ken Hanawa-machi,36.9573565,140.4095277
Fukushima-ken Samegawa-mura,37.0424504,140.5097361
Fukushima-ken Ishikawa-machi,37.1570925,140.446949
Fukushima-ken Tamakawa-mura,37.2107581,140.4087742
Fukushima-ken Hirata-mura,37.2217789,140.5757391
Fukushima-ken Asakawa-machi,37.0810154,140.4128129
Fukushima-ken Furudono-machi,37.0895763,140.5560328
Fukushima-ken Miharu-machi,37.4410239,140.4925727
Fukushima-ken Ono-machi,37.2869196,140.6262529
Fukushima-ken Hirono-machi,37.21446359999999,140.994563
Fukushima-ken Naraha-machi,37.2826725,140.9935473
Fukushima-ken Tomioka-machi,37.345317,141.0088172
Fukushima-ken Kawauchi-mura,37.3376418,140.8093493
Fukushima-ken Okuma-machi,37.4044537,140.9834485
Fukushima-ken Futaba-machi,37.4491537,141.0123662
Fukushima-ken Namie-machi,37.5617125,140.7540072
Fukushima-ken Katsurao-mura,37.50338910000001,140.7643658
Fukushima-ken Shinchi-machi,37.8760601,140.9195783
Fukushima-ken Iitate-mura,37.6782808,140.7359908
Ibaraki-ken Mito-shi,36.3658764,140.4713723
Ibaraki-ken Hitachi-shi,36.59912730000001,140.6504712
Ibaraki-ken Tsuchiura-shi,36.0783182,140.2042457
Ibaraki-ken Koga-shi,36.1787948,139.7557348
Ibaraki-ken Ishioka-shi,36.1910326,140.2871252
Ibaraki-ken Yuki-shi,36.3054444,139.8765754
Ibaraki-ken Ryugasaki-shi,35.9116106,140.1823263
Ibaraki-ken Shimotsuma-shi,36.1843331,139.9673895
Ibaraki-ken Joso-shi,36.0235412,139.9936327
Ibaraki-ken Hitachiota-shi,36.5382486,140.5307574
Ibaraki-ken Takahagi-shi,36.7191132,140.7167862
Ibaraki-ken Kitaibaraki-shi,36.801915,140.7510448
Ibaraki-ken Kasama-shi,36.3452638,140.3043225
Ibaraki-ken Toride-shi,35.9114223,140.0503534
Ibaraki-ken Ushiku-shi,35.97939640000001,140.14955
Ibaraki-ken Tsukuba-shi,36.0835255,140.0764454
Ibaraki-ken Hitachinaka-shi,36.39665060000001,140.5347934
Ibaraki-ken Kashima-shi,35.9656835,140.6447937
Ibaraki-ken Itako-shi,35.9471219,140.5554095
Ibaraki-ken Moriya-shi,35.9515333,139.975572
Ibaraki-ken Hitachiomiya-shi,36.542574,140.4109329
Ibaraki-ken Naka-shi,36.4574235,140.4867341
Ibaraki-ken Chikusei-shi,36.3052343,139.9794265
Ibaraki-ken Bando-shi,36.0481449,139.8889307
Ibaraki-ken Inashiki-shi,35.972942,140.3036823
Ibaraki-ken Kasumigaura-shi,36.0942581,140.3307847
Ibaraki-ken Sakuragawa-shi,36.3272852,140.0905418
Ibaraki-ken Kamisu-shi,35.8898314,140.6647405
Ibaraki-ken Namegata-shi,35.9906251,140.4889866
Ibaraki-ken Hokota-shi,36.1586434,140.5164858
Ibaraki-ken Tsukubamirai-shi,35.9632377,140.0363852
Ibaraki-ken Omitama-shi,36.239317,140.3526411
Ibaraki-ken Ibaraki-machi,36.2869435,140.4245362
Ibaraki-ken Oarai-machi,36.3133985,140.5748789
Ibaraki-ken Shirosato-machi,36.4794764,140.375928
Ibaraki-ken Tokai-mura,36.4729507,140.5661634
Ibaraki-ken Daigo-machi,36.7680855,140.3552161
Ibaraki-ken Miho-mura,36.0046011,140.3019858
Ibaraki-ken Ami-machi,36.0308171,140.2147944
Ibaraki-ken Kawachi-machi,35.8847563,140.24452
Ibaraki-ken Yachiyo-machi,36.1816174,139.8912133
Ibaraki-ken Goka-machi,36.1139782,139.7459313
Ibaraki-ken Sakai-machi,36.1084158,139.7950318
Ibaraki-ken Tone-machi,35.8577836,140.1391657
Tochigi-ken Utsunomiya-shi,36.5550745,139.8826209
Tochigi-ken Ashikaga-shi,36.3401874,139.4497602
Tochigi-ken Tochigi-shi,36.3823772,139.7341396
Tochigi-ken Sano-shi,36.3143908,139.5783915
Tochigi-ken Kanuma-shi,36.5669696,139.7450679
Tochigi-ken Nikko-shi,36.7198987,139.6982361
Tochigi-ken Oyama-shi,36.3146653,139.8001493
Tochigi-ken Moka-shi,36.4404432,140.0133686
Tochigi-ken Ohtawara-shi,36.8712697,140.0153213
Tochigi-ken Yaita-shi,36.806741,139.9241602
Tochigi-ken Nasushiobara-shi,36.9616857,140.0460727
Tochigi-ken Sakura-shi,36.6853883,139.9664416
Tochigi-ken Nasukarasuyama-shi,36.6569328,140.1517676
Tochigi-ken Shimotsuke-shi,36.3952201,139.8519657
Tochigi-ken Kaminokawa-machi,36.4393763,139.9099658
Tochigi-ken Mashiko-machi,36.4674082,140.0933317
Tochigi-ken Motegi-machi,36.5321501,140.1875333
Tochigi-ken Ichikai-machi,36.5432265,140.102137
Tochigi-ken Haga-machi,36.5482624,140.0582258
Tochigi-ken Mibu-machi,36.4620954,139.8083001
Tochigi-ken Nogi-machi,36.2332127,139.7408522
Tochigi-ken Shioya-machi,36.777607,139.8504473
Tochigi-ken Takanezawa-machi,36.6310165,139.9866388
Tochigi-ken Nasu-machi,37.0197825,140.1209869
Tochigi-ken Nakagawa-machi,36.7363034,140.1727178
Gumma-ken Maebashi-shi,36.3894669,139.0634134
Gumma-ken Takasaki-shi,36.3220692,139.0033576
Gumma-ken Kiryu-shi,36.4053581,139.3304143
Gumma-ken Isesaki-shi,36.3118354,139.1965435
Gumma-ken Ota-shi,36.2909373,139.3760432
Gumma-ken Numata-shi,36.64615380000001,139.0441704
Gumma-ken Tatebayashi-shi,36.244806,139.5422532
Gumma-ken Shibukawa-shi,36.489471,139.000443
Gumma-ken Fujioka-shi,36.2585982,139.0745188
Gumma-ken Tomioka-shi,36.2598997,138.8901439
Gumma-ken Annaka-shi,36.3262928,138.8873823
Gumma-ken Midori-shi,36.39483180000001,139.2811456
Gumma-ken Shinto-mura,36.4386334,138.9671283
Gumma-ken Yoshioka-machi,36.4473994,139.0098848
Gumma-ken Ueno-mura,36.0833141,138.777408
Gumma-ken Kanna-machi,36.11604060000001,138.9168948
Gumma-ken Shimonita-machi,36.2125242,138.789091
Gumma-ken Nammoku-mura,36.1583494,138.7115045
Gumma-ken Kanra-machi,36.2430024,138.9217044
Gumma-ken Nakanojo-machi,36.589992,138.8409472
Gumma-ken Naganohara-machi,36.5523574,138.6376394
Gumma-ken Tsumagoi-mura,36.5168949,138.5302234
Gumma-ken Kusatsu-machi,36.6207181,138.5960945
Gumma-ken Takayama-mura,36.6208536,138.9434993
Gumma-ken Higashiagatsuma-machi,36.5710917,138.8258407
Gumma-ken Katashina-mura,36.7723342,139.2253756
Gumma-ken Kawaba-mura,36.6947504,139.1065164
Gumma-ken Showa-mura,36.639756,139.0659203
Gumma-ken Minakami-machi,36.6786999,138.9990292
Gumma-ken Tamamura-machi,36.3044643,139.1149565
Gumma-ken Itakura-machi,36.2230153,139.6102838
Gumma-ken Meiwa-machi,36.2118745,139.5344993
Gumma-ken Chiyoda-machi,36.217782,139.4423854
Gumma-ken Oizumi-machi,36.248156,139.4051519
Gumma-ken Ora-machi,36.252493,139.4622808
Saitama-ken Saitama-shi,35.8616486,139.6454782
Saitama-ken Saitama-shi Nishi-ku,35.9129635,139.5789316
Saitama-ken Saitama-shi Kita-ku,35.9411058,139.6146102
Saitama-ken Saitama-shi Omiya-ku,35.908649,139.6248081
Saitama-ken Saitama-shi Minuma-ku,35.9276379,139.6605146
Saitama-ken Saitama-shi Chuo-ku,35.8812049,139.6248081
Saitama-ken Saitama-shi Sakura-ku,35.8638181,139.6044141
Saitama-ken Saitama-shi Urawa-ku,35.8752537,139.6554124
Saitama-ken Saitama-shi Minami-ku,35.8427486,139.6656173
Saitama-ken Saitama-shi Midori-ku,35.88096400000001,139.6809281
Saitama-ken Saitama-shi Iwatsuki-ku,35.9441044,139.7013486
Saitama-ken Kawagoe-shi,35.9251335,139.4858042
Saitama-ken Kumagaya-shi,36.1471963,139.3889796
Saitama-ken Kawaguchi-shi,35.8077356,139.7241874
Saitama-ken Gyoda-shi,36.13905,139.4559326
Saitama-ken Chichibu-shi,35.9916443,139.0855869
Saitama-ken Tokorozawa-shi,35.799423,139.4687112
Saitama-ken Hanno-shi,35.8551031,139.3286081
Saitama-ken Kazo-shi,36.1313882,139.6017706
Saitama-ken Honjo-shi,36.2435479,139.1904765
Saitama-ken Higashimatsuyama-shi,36.0422084,139.399972
Saitama-ken Kasukabe-shi,35.9752624,139.752313
Saitama-ken Sayama-shi,35.8528389,139.412183
Saitama-ken Hanyu-shi,36.1726709,139.5484587
Saitama-ken Konosu-shi,36.0659102,139.5221704
Saitama-ken Fukaya-shi,36.19748149999999,139.2814476
Saitama-ken Ageo-shi,35.9774474,139.5931801
Saitama-ken Soka-shi,35.8254078,139.805378
Saitama-ken Koshigaya-shi,35.889699,139.7914855
Saitama-ken Warabi-shi,35.8255916,139.6797571
Saitama-ken Toda-shi,35.8175849,139.6777785
Saitama-ken Iruma-shi,35.8358,139.3910788
Saitama-ken Asaka-shi,35.7971702,139.5936412
Saitama-ken Shiki-shi,35.836195,139.5800582
Saitama-ken Wako-shi,35.7813326,139.6058063
Saitama-ken Niiza-shi,35.7931531,139.5657297
Saitama-ken Okegawa-shi,36.0057661,139.5425834
Saitama-ken Kuki-shi,36.0620291,139.6667767
Saitama-ken Kitamoto-shi,36.0268034,139.5301988
Saitama-ken Yashio-shi,35.8226792,139.8392388
Saitama-ken Fujimi-shi,35.8568571,139.5479658
Saitama-ken Misato-shi,35.8302262,139.8723305
Saitama-ken Hasuda-shi,35.9943676,139.6621755
Saitama-ken Sakado-shi,35.9573572,139.4031395
Saitama-ken Satte-shi,36.0780984,139.7258809
Saitama-ken Tsurugashima-shi,35.9345047,139.3931269
Saitama-ken Hidaka-shi,35.907725,139.3390159
Saitama-ken Yoshikawa-shi,35.89614710000001,139.8555545
Saitama-ken Fujimino-shi,35.8793521,139.5196171
Saitama-ken Shiraoka-shi,36.0191142,139.6768529
Saitama-ken Ina-machi,35.9995841,139.6244708
Saitama-ken Miyoshi-machi,35.8283861,139.5264752
Saitama-ken Moroyama-machi,35.9415618,139.3159588
Saitama-ken Ogose-machi,35.9415618,139.3159588
Saitama-ken Namegawa-machi,36.0660069,139.3608153
Saitama-ken Ranzan-machi,36.0565356,139.3205509
Saitama-ken Ogawa-machi,36.0566279,139.2619099
Saitama-ken Kawajima-machi,35.9924665,139.4842887
Saitama-ken Yoshimi-machi,36.0398693,139.4537596
Saitama-ken Hatoyama-machi,35.9816953,139.3342705
Saitama-ken Tokigawa-machi,36.0086728,139.2970117
Saitama-ken Yokoze-machi,35.9872839,139.1000149
Saitama-ken Minano-machi,36.0708608,139.0986656
Saitama-ken Nagatoro-machi,36.1147677,139.1096114
Saitama-ken Ogano-machi,36.0172767,139.0086755
Saitama-ken Higashichichibu-mura,36.058252,139.1946875
Saitama-ken Misato-machi,36.1771581,139.1815144
Saitama-ken Kamikawa-machi,36.2138888,139.1017711
Saitama-ken Kamisato-machi,36.2518136,139.1451633
Saitama-ken Yorii-machi,36.1184155,139.1929538
Saitama-ken Miyashiro-machi,36.022654,139.7229838
Saitama-ken Sugito-machi,36.0258508,139.7367433
Saitama-ken Matsubushi-machi,35.9256101,139.8152763
Chiba-ken Chiba-shi,35.6074041,140.1065366
Chiba-ken Chiba-shi Chuo-ku,35.5830713,140.1318017
Chiba-ken Chiba-shi Hanamigawa-ku,35.6774054,140.0906731
Chiba-ken Chiba-shi Inage-ku,35.6486955,140.1112339
Chiba-ken Chiba-shi Wakaba-ku,35.615574,140.2141425
Chiba-ken Chiba-shi Midori-ku,35.56018960000001,140.2141425
Chiba-ken Chiba-shi Mihama-ku,35.6349811,140.064982
Chiba-ken Choshi-shi,35.7340035,140.8267464
Chiba-ken Ichikawa-shi,35.7135721,139.9279808
Chiba-ken Funabashi-shi,35.6945485,139.9827277
Chiba-ken Tateyama-shi,34.9965461,139.870044
Chiba-ken Kisarazu-shi,35.3812515,139.9248871
Chiba-ken Matsudo-shi,35.7876663,139.9033248
Chiba-ken Noda-shi,35.9551753,139.8741905
Chiba-ken Mobara-shi,35.4285509,140.2881398
Chiba-ken Narita-shi,35.7766588,140.3187418
Chiba-ken Sakura-shi,35.7235977,140.2239389
Chiba-ken Togane-shi,35.5597298,140.3653199
Chiba-ken Asahi-shi,35.720454,140.6466177
Chiba-ken Narashino-shi,35.6816407,140.0271941
Chiba-ken Kashiwa-shi,35.8675958,139.9757575
Chiba-ken Katsuura-shi,35.1522272,140.3208833
Chiba-ken Ichihara-shi,35.4978821,140.1148672
Chiba-ken Nagareyama-shi,35.8563392,139.9029533
Chiba-ken Yachiyo-shi,35.7224358,140.0998762
Chiba-ken Abiko-shi,35.8641008,140.0282205
Chiba-ken Kamogawa-shi,35.1133206,140.0990322
Chiba-ken Kamagaya-shi,35.7768605,140.0007716
Chiba-ken Kimitsu-shi,35.3304451,139.9024787
Chiba-ken Futtsu-shi,35.3040598,139.8571263
Chiba-ken Urayasu-shi,35.6531598,139.9019863
Chiba-ken Yotsukaido-shi,35.6697744,140.167948
Chiba-ken Sodegaura-shi,35.4302559,139.9548805
Chiba-ken Yachimata-shi,35.6659061,140.318025
Chiba-ken Inzai-shi,35.8326275,140.1456967
Chiba-ken Shiroi-shi,35.7913072,140.055628
Chiba-ken Tomisato-shi,35.7267856,140.3430617
Chiba-ken Minamiboso-shi,35.042651,139.839879
Chiba-ken Sosa-shi,35.7079052,140.5643284
Chiba-ken Katori-shi,35.8977688,140.4993404
Chiba-ken Sammu-shi,35.6030314,140.4135919
Chiba-ken Isumi-shi,35.2539324,140.3850494
Chiba-ken Oamishirasato-shi,35.5217735,140.3209903
Chiba-ken Shisui-machi,35.7248318,140.2695083
Chiba-ken Sakae-machi,35.84084320000001,140.2439245
Chiba-ken Kozaki-machi,35.9015075,140.4051442
Chiba-ken Tako-machi,35.7355858,140.467738
Chiba-ken Tonosho-machi,35.8372159,140.6684003
Chiba-ken Kujukuri-machi,35.5348912,140.4396558
Chiba-ken Shibayama-machi,35.693119,140.414207
Chiba-ken Yokoshibahikari-machi,35.6655925,140.5043503
Chiba-ken Ichinomiya-machi,35.3725402,140.368552
Chiba-ken Mutsuzawa-machi,35.3610828,140.3194357
Chiba-ken Chosei-mura,35.412212,140.3541233
Chiba-ken Shirako-machi,35.454338,140.3744059
Chiba-ken Nagara-machi,35.4311718,140.2272821
Chiba-ken Chonan-machi,35.3864095,140.2371693
Chiba-ken Otaki-machi,35.2851872,140.2454217
Chiba-ken Onjuku-machi,35.1916097,140.3485902
Chiba-ken Kyonan-machi,35.1111452,139.8357167
Tokyo-to Ku-area,35.6761919,139.6503106
Tokyo-to Chiyoda-ku,35.6940309,139.7537719
Tokyo-to Chuo-ku,35.671201714963765,139.77703631005014
Tokyo-to Minato-ku,35.65808130000001,139.7515077
Tokyo-to Shinjuku-ku,35.6938253,139.7033559
Tokyo-to Bunkyo-ku,35.7078686,139.7524369
Tokyo-to Taito-ku,35.7125736,139.7802043
Tokyo-to Sumida-ku,35.7107479,139.8016393
Tokyo-to Koto-ku,35.6727748,139.8174521
Tokyo-to Shinagawa-ku,35.6091973,139.7303364
Tokyo-to Meguro-ku,35.6414529,139.6980773
Tokyo-to Ota-ku,35.561407,139.7160626
Tokyo-to Setagaya-ku,35.6465615,139.6532924
Tokyo-to Shibuya-ku,35.6619707,139.703795
Tokyo-to Nakano-ku,35.7075331,139.6637591
Tokyo-to Suginami-ku,35.6994705,139.6355204
Tokyo-to Toshima-ku,35.7262664,139.7168209
Tokyo-to Kita-ku,35.7528727,139.7337701
Tokyo-to Arakawa-ku,35.7359339,139.7834758
Tokyo-to Itabashi-ku,35.7512311,139.7092786
Tokyo-to Nerima-ku,35.7356446,139.6516675
Tokyo-to Adachi-ku,35.775017,139.8044129
Tokyo-to Katsushika-ku,35.7432853,139.8472243
Tokyo-to Edogawa-ku,35.7067011,139.8681899
Tokyo-to Hachioji-shi,35.66738836962325,139.28071987761655
Tokyo-to Tachikawa-shi,35.7134355,139.4080089
Tokyo-to Musashino-shi,35.71769159999999,139.5660882
Tokyo-to Mitaka-shi,35.6833484,139.5598366
Tokyo-to Ome-shi,35.80500298847153,139.24233786938942
Tokyo-to Fuchu-shi,35.671381657992654,139.48021735867792
Tokyo-to Akishima-shi,35.7059102,139.3540161
Tokyo-to Chofu-shi,35.6506111,139.5407215
Tokyo-to Machida-shi,35.546656,139.4385568
Tokyo-to Koganei-shi,35.6994563,139.5030584
Tokyo-to Kodaira-shi,35.72861270000001,139.4775654
Tokyo-to Hino-shi,35.671354,139.3950975
Tokyo-to Higashimurayama-shi,35.761144857995546,139.46981522935155
Tokyo-to Kokubunji-shi,35.7103719,139.4632065
Tokyo-to Kunitachi-shi,35.68396680000001,139.4413867
Tokyo-to Fussa-shi,35.7384892,139.3270235
Tokyo-to Komae-shi,35.6350187,139.5786651
Tokyo-to Higashiyamato-shi,35.7453849,139.42665
Tokyo-to Kiyose-shi,35.7860547,139.5261729
Tokyo-to Higashikurume-shi,35.7579968,139.5297652
Tokyo-to Musashimurayama-shi,35.754844,139.3874755
Tokyo-to Tama-shi,35.63711,139.4465075
Tokyo-to Inagi-shi,35.6381042,139.504664
Tokyo-to Hamura-shi,35.7671888,139.3108944
Tokyo-to Akiruno-shi,35.7285903,139.2934663
Tokyo-to Nishitokyo-shi,35.7256865,139.5382943
Tokyo-to Mizuho-machi,35.7719078,139.3540145
Tokyo-to Hinode-machi,35.7421193,139.2574277
Tokyo-to Hinohara-mura,35.7268216,139.1488603
Tokyo-to Okutama-machi,35.8095021,139.0960592
Tokyo-to Oshima-machi,34.7501544,139.3554996
Tokyo-to Toshima-mura,34.5291416,139.2819004
Tokyo-to Niijima-mura,34.3770802,139.2568911
Tokyo-to Kouzushima-mura,34.2055236,139.1344994
Tokyo-to Miyake-mura,34.0757574,139.4784335
Tokyo-to Mikurajima-mura,33.8973802,139.5958016
Tokyo-to Hachijo-machi,33.1127894,139.788992
Tokyo-to Aogashima-mura,32.4665329,139.7636109
Tokyo-to Ogasawara-mura,27.0944288,142.191845
Kanagawa-ken Yokohama-shi,35.4436739,139.6379639
Kanagawa-ken Yokohama-shi Tsurumi-ku,35.4956281,139.6809281
Kanagawa-ken Yokohama-shi Kanagawa-ku,35.4827827,139.6146102
Kanagawa-ken Yokohama-shi Nishi-ku,35.455207,139.6146102
Kanagawa-ken Yokohama-shi Naka-ku,35.4322553,139.6605146
Kanagawa-ken Yokohama-shi Minami-ku,35.4327206,139.6044141
Kanagawa-ken Yokohama-shi Hodogaya-ku,35.4546455,139.5789316
Kanagawa-ken Yokohama-shi Isogo-ku,35.3908304,139.6146102
Kanagawa-ken Yokohama-shi Kanazawa-ku,35.3422625,139.619709
Kanagawa-ken Yokohama-shi Kohoku-ku,35.526181,139.619709
Kanagawa-ken Yokohama-shi Totsuka-ku,35.4014751,139.5381824
Kanagawa-ken Yokohama-shi Konan-ku,35.3928393,139.5738364
Kanagawa-ken Yokohama-shi Asahi-ku,35.4749831,139.5381824
Kanagawa-ken Yokohama-shi Midori-ku,35.5193224,139.5229088
Kanagawa-ken Yokohama-shi Seya-ku,35.4702771,139.4923735
Kanagawa-ken Yokohama-shi Sakae-ku,35.361149,139.5636473
Kanagawa-ken Yokohama-shi Izumi-ku,35.4218189,139.4974616
Kanagawa-ken Yokohama-shi Aoba-ku,35.55856199999999,139.5178185
Kanagawa-ken Yokohama-shi Tsuzuki-ku,35.5465011,139.5789316
Kanagawa-ken Kawasaki-shi,35.5308325,139.7029125
Kanagawa-ken Kawasaki-shi Kawasaki-ku,35.5222897,139.730788
Kanagawa-ken Kawasaki-shi Saiwai-ku,35.5482343,139.6860325
Kanagawa-ken Kawasaki-shi Nakahara-ku,35.5726851,139.6554124
Kanagawa-ken Kawasaki-shi Takatsu-ku,35.5929998,139.6146102
Kanagawa-ken Kawasaki-shi Tama-ku,35.6218163,139.5381824
Kanagawa-ken Kawasaki-shi Miyamae-ku,35.5857512,139.5738364
Kanagawa-ken Kawasaki-shi Asao-ku,35.5936667,139.5025502
Kanagawa-ken Sagamihara-shi,35.5712568,139.373427
Kanagawa-ken Sagamihara-shi Midori-ku,35.5781751,139.1828385
Kanagawa-ken Sagamihara-shi Chuo-ku,35.5559466,139.3754694
Kanagawa-ken Sagamihara-shi Minami-ku,35.5275279,139.3957836
Kanagawa-ken Yokosuka-shi,35.281498,139.6721655
Kanagawa-ken Hiratsuka-shi,35.3352157,139.3494949
Kanagawa-ken Kamakura-shi,35.3192128,139.5466731
Kanagawa-ken Fujisawa-shi,35.3391654,139.49014
Kanagawa-ken Odawara-shi,35.2648307,139.1523086
Kanagawa-ken Chigasaki-shi,35.3338221,139.4036897
Kanagawa-ken Zushi-shi,35.2955726,139.5804503
Kanagawa-ken Miura-shi,35.1441972,139.6207584
Kanagawa-ken Hadano-shi,35.3747429,139.2199154
Kanagawa-ken Atsugi-shi,35.44309399999999,139.3625403
Kanagawa-ken Yamato-shi,35.48751530000001,139.4579975
Kanagawa-ken Isehara-shi,35.4031334,139.3145107
Kanagawa-ken Ebina-shi,35.4464469,139.3907909
Kanagawa-ken Zama-shi,35.4886016,139.407563
Kanagawa-ken Minamiashigara-shi,35.3206301,139.0997508
Kanagawa-ken Ayase-shi,35.4366072,139.4276365
Kanagawa-ken Hayama-machi,35.2720328,139.5861763
Kanagawa-ken Samukawa-machi,35.3730006,139.3838428
Kanagawa-ken Oiso-machi,35.3076731,139.311384
Kanagawa-ken Ninomiya-machi,35.2994519,139.2551726
Kanagawa-ken Nakai-machi,35.3307448,139.2185817
Kanagawa-ken Oi-machi,35.3265519,139.1566418
Kanagawa-ken Matsuda-machi,35.3481643,139.1394021
Kanagawa-ken Yamakita-machi,35.3606484,139.0838347
Kanagawa-ken Kaisei-machi,35.3363848,139.1235203
Kanagawa-ken Hakone-machi,35.2323825,139.1069355
Kanagawa-ken Manazuru-machi,35.1584376,139.1371349
Kanagawa-ken Yugawara-machi,35.1478719,139.1083302
Kanagawa-ken Aikawa-machi,35.5288397,139.3216178
Kanagawa-ken Kiyokawa-mura,35.4823577,139.2763651
Niigata-ken Niigata-shi,37.9161244,139.0363708
Niigata-ken Niigata-shi Kita-ku,37.9069827,139.1995654
Niigata-ken Niigata-shi Higashi-ku,37.9431126,139.086849
Niigata-ken Niigata-shi Chuo-ku,37.904927,139.0410359
Niigata-ken Niigata-shi Konan-ku,37.8724524,139.11715
Niigata-ken Niigata-shi Akiha-ku,37.795926,139.1099609
Niigata-ken Niigata-shi Minami-ku,37.7709799,139.0286932
Niigata-ken Niigata-shi Nishi-ku,37.8510986,138.9569972
Niigata-ken Niigata-shi Nishikan-ku,37.7477651,138.9082231
Niigata-ken Nagaoka-shi,37.4465187,138.8513499
Niigata-ken Sanjo-shi,37.6365293,138.9616061
Niigata-ken Kashiwazaki-shi,37.371918,138.5590073
Niigata-ken Shibata-shi,37.9483728,139.3274172
Niigata-ken Ojiya-shi,37.3143204,138.7951216
Niigata-ken Kamo-shi,37.6663153,139.0402073
Niigata-ken Tokamachi-shi,37.1282799,138.7553633
Niigata-ken Mitsuke-shi,37.5324559,138.9140916
Niigata-ken Murakami-shi,38.2240045,139.480171
Niigata-ken Tsubame-shi,37.6730962,138.8822389
Niigata-ken Itoigawa-shi,37.0390497,137.862814
Niigata-ken Myoko-shi,37.02521790000001,138.2535519
Niigata-ken Gosen-shi,37.7445396,139.182603
Niigata-ken Joetsu-shi,37.1478952,138.236135
Niigata-ken Agano-shi,37.8344484,139.2259354
Niigata-ken Sado-shi,38.0183025,138.3681401
Niigata-ken Uonuma-shi,37.2297462,138.9602582
Niigata-ken Minamiuonuma-shi,37.0654976,138.8760377
Niigata-ken Tainai-shi,38.0597174,139.4103369
Niigata-ken Seiro-machi,37.9746027,139.2743981
Niigata-ken Yahiko-mura,37.6908517,138.8553927
Niigata-ken Tagami-machi,37.6986677,139.0579722
Niigata-ken Aga-machi,37.6755895,139.4588127
Niigata-ken Izumozaki-machi,37.5307394,138.7094055
Niigata-ken Yuzawa-machi,36.9340516,138.8173338
Niigata-ken Tsunan-machi,37.0142594,138.6524856
Niigata-ken Kariwa-mura,37.422313,138.6224782
Niigata-ken Sekikawa-mura,38.0894013,139.564965
Niigata-ken Awashimaura-mura,38.4682896,139.2545468
Toyama-ken Toyama-shi,36.6958223,137.2137211
Toyama-ken Takaoka-shi,36.7541117,137.0257637
Toyama-ken Uozu-shi,36.8273758,137.4090751
Toyama-ken Himi-shi,36.8559412,136.972892
Toyama-ken Namerikawa-shi,36.7644132,137.3411988
Toyama-ken Kurobe-shi,36.8715431,137.4479886
Toyama-ken Tonami-shi,36.6474737,136.9622228
Toyama-ken Oyabe-shi,36.6750885,136.8686403
Toyama-ken Nanto-shi,36.5122068,136.9006206
Toyama-ken Imizu-shi,36.7306389,137.0755452
Toyama-ken Funahashi-mura,36.703544,137.3074521
Toyama-ken Kamiichi-machi,36.6983914,137.3625478
Toyama-ken Tateyama-machi,36.66346619999999,137.3137323
Toyama-ken Nyuzen-machi,36.93356840000001,137.5021084
Toyama-ken Asahi-machi,36.9461317,137.5597806
Ishikawa-ken Kanazawa-shi,36.5610309,136.6566474
Ishikawa-ken Nanao-shi,37.0428971,136.9674026
Ishikawa-ken Komatsu-shi,36.4084209,136.4458532
Ishikawa-ken Wajima-shi,37.2966415,136.7960242
Ishikawa-ken Suzu-shi,37.4363883,137.260524
Ishikawa-ken Kaga-shi,36.3026929,136.314926
Ishikawa-ken Hakui-shi,36.8936153,136.7790081
Ishikawa-ken Kahoku-shi,36.7543904,136.7243977
Ishikawa-ken Hakusan-shi,36.5144209,136.5655581
Ishikawa-ken Nomi-shi,36.4468791,136.5540708
Ishikawa-ken Nonoichi-shi,36.5194096,136.6097306
Ishikawa-ken Kawakita-machi,36.4684966,136.5423287
Ishikawa-ken Tsubata-machi,36.6690426,136.7286915
Ishikawa-ken Uchinada-machi,36.653549,136.6451263
Ishikawa-ken Shika-machi,37.006482,136.7779323
Ishikawa-ken Hodatsushimizu-cho,36.86281719999999,136.7975166
Ishikawa-ken Nakanoto-machi,36.9886503,136.9016194
Ishikawa-ken Anamizu-machi,37.2310256,136.9124314
Ishikawa-ken Noto-cho,37.3066518,137.1500418
Fukui-ken Fukui-shi,36.0641386,136.219623
Fukui-ken Tsuruga-shi,35.6459465,136.0556972
Fukui-ken Obama-shi,35.4956278,135.7467206
Fukui-ken Ono-shi,35.9797721,136.4875337
Fukui-ken Katsuyama-shi,36.0609258,136.5006393
Fukui-ken Sabae-shi,35.9565042,136.1842325
Fukui-ken Awara-shi,36.21139600000001,136.2290374
Fukui-ken Echizen-shi,35.9034961,136.1687173
Fukui-ken Sakai-shi,36.1667303,136.2314917
Fukui-ken Eiheiji-cho,36.0923343,136.2990788
Fukui-ken Ikeda-cho,35.8911147,136.3439223
Fukui-ken Minamiechizen-cho,35.8349887,136.1944991
Fukui-ken Echizen-cho,35.974015,136.1298901
Fukui-ken Mihama-cho,35.6006207,135.9405049
Fukui-ken Takahama-cho,35.4878584,135.5459546
Fukui-ken Ohi-cho,35.4821283,135.6173548
Fukui-ken Wakasa-cho,35.5491889,135.9085412
Yamanashi-ken Kofu-shi,35.662133,138.5683001
Yamanashi-ken Fujiyoshida-shi,35.4879873,138.8071879
Yamanashi-ken Tsuru-shi,35.5516369,138.9055266
Yamanashi-ken Yamanashi-shi,35.6933453,138.6873168
Yamanashi-ken Otsuki-shi,35.6104591,138.940185
Yamanashi-ken Nirasaki-shi,35.7087847,138.4463872
Yamanashi-ken Minamiarupusu-shi,35.6082676,138.4648353
Yamanashi-ken Hokuto-shi,35.7765179,138.4236536
Yamanashi-ken Kai-shi,35.6608515,138.5162908
Yamanashi-ken Fuefuki-shi,35.6473185,138.6396967
Yamanashi-ken Uenohara-shi,35.6302054,139.1086477
Yamanashi-ken Koshu-shi,35.7042915,138.7294182
Yamanashi-ken Chuo-shi,35.599659,138.5172342
Yamanashi-ken Ichikawamisato-cho,35.565184,138.5024512
Yamanashi-ken Hayakawa-cho,35.4127822,138.3629557
Yamanashi-ken Minobu-cho,35.4674793,138.4425451
Yamanashi-ken Nambu-cho,35.2417198,138.4856384
Yamanashi-ken Fujikawa-cho,35.5614482,138.4614682
Yamanashi-ken Showa-cho,35.6279657,138.5351404
Yamanashi-ken Doshi-mura,35.5281186,139.0335739
Yamanashi-ken Nishikatsura-cho,35.5240903,138.8469501
Yamanashi-ken Oshino-mura,35.4600448,138.8478066
Yamanashi-ken Yamanakako-mura,35.4106457,138.8611439
Yamanashi-ken Narusawa-mura,35.4813342,138.7064223
Yamanashi-ken Fujikawaguchiko-machi,35.4973138,138.7551994
Yamanashi-ken Kosuge-mura,35.7599371,138.9401805
Yamanashi-ken Tabayama-mura,35.7896647,138.9222856
Nagano-ken Nagano-shi,36.6485258,138.1950371
Nagano-ken Matsumoto-shi,36.2380434,137.9719897
Nagano-ken Ueda-shi,36.4019126,138.249075
Nagano-ken Okaya-shi,36.0670021,138.0493709
Nagano-ken Iida-shi,35.51487,137.8217006
Nagano-ken Suwa-shi,36.0391525,138.1140545
Nagano-ken Suzaka-shi,36.6510879,138.3072807
Nagano-ken Komoro-shi,36.3271412,138.4258254
Nagano-ken Ina-shi,35.8274657,137.9540692
Nagano-ken Komagane-shi,35.728854,137.9340239
Nagano-ken Nakano-shi,36.6485258,138.1950371
Nagano-ken Omachi-shi,36.5030082,137.8511234
Nagano-ken Iiyama-shi,36.8517344,138.3654889
Nagano-ken Chino-shi,35.9949904,138.1576589
Nagano-ken Shiojiri-shi,36.1148135,137.9532361
Nagano-ken Saku-shi,36.2487978,138.47685
Nagano-ken Chikuma-shi,36.5338864,138.119971
Nagano-ken Tomi-shi,35.3525643,137.1834224
Nagano-ken Azumino-shi,36.30397860000001,137.9058007
Nagano-ken Koumi-machi,36.0952125,138.4835593
Nagano-ken Kawakami-mura,35.9754884,138.5784482
Nagano-ken Minamimaki-mura,36.0208417,138.4921504
Nagano-ken Minamiaiki-mura,36.0360336,138.5470723
Nagano-ken Kitaaiki-mura,36.0592256,138.5511628
Nagano-ken Sakuho-machi,36.1610275,138.4835445
Nagano-ken Karuizawa-machi,36.3483927,138.5970297
Nagano-ken Miyota-machi,36.3212828,138.508717
Nagano-ken Tateshina-machi,36.2720773,138.3160771
Nagano-ken Aoki-mura,36.3701487,138.1285181
Nagano-ken Nagawa-machi,36.2698987,138.2580282
Nagano-ken Shimosuwa-machi,36.0695678,138.0801295
Nagano-ken Fujimi-machi,35.9146598,138.2406687
Nagano-ken Hara-mura,35.9644513,138.2174935
Nagano-ken Tatsuno-machi,35.9822077,137.987466
Nagano-ken Minowa-machi,35.9150744,137.9819077
Nagano-ken Iijima-machi,35.6766929,137.9196478
Nagano-ken Minamiminowa-mura,35.8729101,137.9750145
Nagano-ken Nakagawa-mura,35.6345535,137.946059
Nagano-ken Miyada-mura,35.7689509,137.9443451
Nagano-ken Matsukawa-machi,35.5971748,137.9096363
Nagano-ken Takamori-machi,35.5515159,137.8786036
Nagano-ken Anan-cho,35.3235906,137.8161616
Nagano-ken Achi-mura,35.4440944,137.7479129
Nagano-ken Hiraya-mura,35.3232905,137.6302506
Nagano-ken Neba-mura,35.2554936,137.5820416
Nagano-ken Shimojo-mura,35.3974136,137.7860315
Nagano-ken Urugi-mura,35.271067,137.7112747
Nagano-ken Tenryu-mura,35.2762278,137.8543406
Nagano-ken Yasuoka-mura,35.3774269,137.8459895
Nagano-ken Takagi-mura,35.5137849,137.8739109
Nagano-ken Toyooka-mura,35.5515418,137.8954052
Nagano-ken Oshika-mura,35.5781847,138.034007
Nagano-ken Agematsu-machi,35.784029,137.6941543
Nagano-ken Nagiso-machi,35.6038071,137.6089611
Nagano-ken Kiso-mura,35.9363518,137.7832002
Nagano-ken Otaki-mura,35.809316,137.5508923
Nagano-ken Okuwa-mura,35.6829149,137.6649313
Nagano-ken Kiso-machi,35.8424988,137.6915171
Nagano-ken Omi-mura,36.4560968,138.0452466
Nagano-ken Ikusaka-mura,36.42517,137.9274909
Nagano-ken Yamagata-mura,36.1680917,137.878912
Nagano-ken Asahi-mura,36.1236042,137.8664475
Nagano-ken Chikuhoku-mura,36.4025451,138.0117382
Nagano-ken Ikeda-machi,36.4213315,137.8745251
Nagano-ken Matsukawa-mura,36.4240441,137.8545079
Nagano-ken Hakuba-mura,36.6981614,137.8619333
Nagano-ken Otari-mura,36.779238,137.9083847
Nagano-ken Sakaki-machi,36.4616691,138.1803458
Nagano-ken Obuse-machi,36.6976499,138.312086
Nagano-ken Takayama-mura,36.6797803,138.363289
Nagano-ken Yamanouchi-machi,36.7446479,138.4128175
Nagano-ken Kijimadaira-mura,36.8585206,138.4066807
Nagano-ken Nozawaonsen-mura,36.9228462,138.4405097
Nagano-ken Shinano-machi,36.8064163,138.2071583
Nagano-ken Ogawa-mura,36.6172441,137.9747017
Nagano-ken Iizuna-machi,36.7547011,138.2355858
Nagano-ken Sakae-mura,36.9876603,138.5775094
Gifu-ken Gifu-shi,35.42342259999999,136.7606217
Gifu-ken Ogaki-shi,35.3593013,136.6134417
Gifu-ken Takayama-shi,36.1461317,137.252159
Gifu-ken Tajimi-shi,35.3327697,137.1321388
Gifu-ken Seki-shi,35.4958382,136.9181807
Gifu-ken Nakatsugawa-shi,35.4874734,137.5006287
Gifu-ken Mino-shi,35.52938049999999,136.9081114
Gifu-ken Mizunami-shi,35.3617532,137.2546196
Gifu-ken Hashima-shi,35.3199066,136.7033655
Gifu-ken Ena-shi,35.4492931,137.4128453
Gifu-ken Minokamo-shi,35.4402296,137.0156528
Gifu-ken Toki-shi,35.3525643,137.1834224
Gifu-ken Kakamigahara-shi,35.3989229,136.8484472
Gifu-ken Kani-shi,35.42594649999999,137.0612494
Gifu-ken Yamagata-shi,35.5060495,136.781349
Gifu-ken Mizuho-shi,35.4040784,136.6498329
Gifu-ken Hida-shi,36.2381492,137.1862369
Gifu-ken Motosu-shi,35.4829752,136.6787829
Gifu-ken Gujo-shi,35.7484949,136.9643157
Gifu-ken Gero-shi,35.8059163,137.2441224
Gifu-ken Kaizu-shi,35.220475,136.6366772
Gifu-ken Ginan-cho,35.389746,136.7833212
Gifu-ken Kasamatsu-cho,35.3671929,136.763189
Gifu-ken Yoro-cho,35.3084375,136.5614837
Gifu-ken Tarui-cho,35.3703492,136.5269405
Gifu-ken Sekigahara-cho,35.365418,136.4670595
Gifu-ken Godo-cho,35.4173347,136.6085131
Gifu-ken Wanouchi-cho,35.285042,136.6374728
Gifu-ken Anpachi-cho,35.3353277,136.6654315
Gifu-ken Ibigawa-cho,35.4873386,136.5687109
Gifu-ken Ono-cho,35.4706294,136.6276462
Gifu-ken Ikeda-cho,35.4410301,136.5170189
Gifu-ken Kitagata-cho,35.4369881,136.6860064
Gifu-ken Sakahogi-cho,35.4267699,136.9853947
Gifu-ken Tomika-cho,35.4848375,136.9796903
Gifu-ken Kawabe-cho,35.4865789,137.0706791
Gifu-ken Hichiso-cho,35.5438351,137.1199836
Gifu-ken Yaotsu-cho,35.4760063,137.1415504
Gifu-ken Shirakawa-cho,35.5818687,137.1879112
Gifu-ken Higashishirakawa-mura,35.6425782,137.3238175
Gifu-ken Mitake-cho,35.4344692,137.1309064
Gifu-ken Shirakawa-mura,36.2710289,136.8985744
Shizuoka-ken Shizuoka-shi,34.9755668,138.3826773
Shizuoka-ken Shizuoka-shi Aoi-ku,35.2583444,138.2791757
Shizuoka-ken Shizuoka-shi Suruga-ku,34.9487139,138.3888384
Shizuoka-ken Shizuoka-shi Shimizu-ku,35.1132336,138.4987208
Shizuoka-ken Hamamatsu-shi,34.7102752,137.7274159
Shizuoka-ken Hamamatsu-shi Naka-ku,34.737431,137.7144578
Shizuoka-ken Hamamatsu-shi Higashi-ku,34.7394964,137.7834888
Shizuoka-ken Hamamatsu-shi Nishi-ku,34.7450879,137.625836
Shizuoka-ken Hamamatsu-shi Minami-ku,34.6814028,137.7538931
Shizuoka-ken Hamamatsu-shi Kita-ku,34.8443335,137.6455169
Shizuoka-ken Hamamatsu-shi Hamakita-ku,34.8122863,137.7834888
Shizuoka-ken Hamamatsu-shi Tenryu-ku,35.0905351,137.8822604
Shizuoka-ken Numazu-shi,35.0956068,138.8635399
Shizuoka-ken Atami-shi,35.0963896,139.071784
Shizuoka-ken Mishima-shi,35.1184912,138.9184977
Shizuoka-ken Fujinomiya-shi,35.2221277,138.6216491
Shizuoka-ken Ito-shi,34.9656053,139.1024648
Shizuoka-ken Shimada-shi,34.8361629,138.1759571
Shizuoka-ken Fuji-shi,35.161484,138.67622
Shizuoka-ken Iwata-shi,34.7179085,137.8515047
Shizuoka-ken Yaizu-shi,34.8668816,138.3233812
Shizuoka-ken Kakegawa-shi,34.768823,137.9984128
Shizuoka-ken Fujieda-shi,34.8673376,138.2575386
Shizuoka-ken Gotemba-shi,35.3087683,138.9347872
Shizuoka-ken Fukuroi-shi,34.750198,137.924619
Shizuoka-ken Shimoda-shi,34.6796171,138.9451459
Shizuoka-ken Susono-shi,35.1739643,138.9066439
Shizuoka-ken Kosai-shi,34.7184581,137.5316217
Shizuoka-ken Izu-shi,34.9766167,138.94655
Shizuoka-ken Omaezaki-shi,34.6379987,138.1280864
Shizuoka-ken Kikugawa-shi,34.7561412,138.0861042
Shizuoka-ken Izunokuni-shi,35.0277325,138.9289713
Shizuoka-ken Makinohara-shi,34.7401028,138.2247608
Shizuoka-ken Higashiizu-cho,34.7729073,139.0413137
Shizuoka-ken Kawazu-cho,34.7569968,138.9876072
Shizuoka-ken Minamiizu-cho,34.6511913,138.8585791
Shizuoka-ken Matsuzaki-cho,34.7527753,138.7787227
Shizuoka-ken Nishiizu-cho,34.7716151,138.7752982
Shizuoka-ken Kannami-cho,35.1058298,138.9908518
Shizuoka-ken Shimizu-cho,35.0989605,138.9027677
Shizuoka-ken Nagaizumi-cho,35.1376864,138.8971832
Shizuoka-ken Oyama-cho,35.3601103,138.9873289
Shizuoka-ken Yoshida-cho,34.7709132,138.2520084
Shizuoka-ken Kawanehon-cho,35.0468998,138.0816267
Shizuoka-ken Mori-machi,34.8356351,137.9270369
Aichi-ken Nagoya-shi,35.18145060000001,136.9065571
Aichi-ken Nagoya-shi Chikusa-ku,35.1684667,136.9659376
Aichi-ken Nagoya-shi Higashi-ku,35.1783318,136.9270975
Aichi-ken Nagoya-shi Kita-ku,35.2033492,136.9125401
Aichi-ken Nagoya-shi Nishi-ku,35.1971476,136.8882871
Aichi-ken Nagoya-shi Nakamura-ku,35.1663645,136.8591989
Aichi-ken Nagoya-shi Naka-ku,35.1608036,136.9076886
Aichi-ken Nagoya-shi Showa-ku,35.1462235,136.9562248
Aichi-ken Nagoya-shi Mizuho-ku,35.1286967,136.9368047
Aichi-ken Nagoya-shi Atsuta-ku,35.129583,136.8979869
Aichi-ken Nagoya-shi Nakagawa-ku,35.1332301,136.8349715
Aichi-ken Nagoya-shi Minato-ku,35.0878966,136.8543525
Aichi-ken Nagoya-shi Minami-ku,35.0974623,136.9270975
Aichi-ken Nagoya-shi Moriyama-ku,35.2172183,136.9950872
Aichi-ken Nagoya-shi Midori-ku,35.0851921,136.9707947
Aichi-ken Nagoya-shi Meito-ku,35.1741947,137.0096682
Aichi-ken Nagoya-shi Tempaku-ku,35.1296973,136.9902277
Aichi-ken Toyohashi-shi,34.7688528,137.3916837
Aichi-ken Okazaki-shi,34.9548536,137.1730774
Aichi-ken Ichinomiya-shi,35.3039172,136.8029671
Aichi-ken Seto-shi,35.2239326,137.0841304
Aichi-ken Handa-shi,34.8917477,136.9379123
Aichi-ken Kasugai-shi,35.2476967,136.9721897
Aichi-ken Toyokawa-shi,34.8267523,137.3757774
Aichi-ken Tsushima-shi,35.1770154,136.7411678
Aichi-ken Hekinan-shi,34.8850248,136.9935611
Aichi-ken Kariya-shi,34.9890881,137.0023012
Aichi-ken Toyota-shi,35.0825559,137.1561276
Aichi-ken Anjo-shi,34.9586216,137.0803649
Aichi-ken Nishio-shi,34.8619053,137.0618775
Aichi-ken Gamagori-shi,34.8259551,137.2197862
Aichi-ken Inuyama-shi,35.3786468,136.9444802
Aichi-ken Tokoname-shi,34.88664139999999,136.8323482
Aichi-ken Konan-shi,35.331753,136.8697682
Aichi-ken Komaki-shi,35.2903378,136.9108701
Aichi-ken Inazawa-shi,35.2481406,136.7802427
Aichi-ken Shinshiro-shi,34.8988996,137.4977958
Aichi-ken Tokai-shi,35.0226458,136.9021486
Aichi-ken Obu-shi,35.0117491,136.9639005
Aichi-ken Chita-shi,34.9966379,136.8643747
Aichi-ken Chiryu-shi,35.0013027,137.0507689
Aichi-ken Owariasahi-shi,35.2165955,137.0354372
Aichi-ken Takahama-shi,34.9279386,136.9882089
Aichi-ken Iwakura-shi,35.2795222,136.8713067
Aichi-ken Toyoake-shi,35.0545485,137.0131269
Aichi-ken Nisshin-shi,35.1320356,137.0394989
Aichi-ken Tahara-shi,34.6686831,137.2642743
Aichi-ken Aisai-shi,35.1528943,136.7283544
Aichi-ken Kiyosu-shi,35.1993711,136.8531524
Aichi-ken Kitanagoya-shi,35.2456888,136.8659654
Aichi-ken Yatomi-shi,35.1100935,136.7247508
Aichi-ken Miyoshi-shi,35.0894166,137.074937
Aichi-ken Ama-shi,35.2004877,136.7834025
Aichi-ken Nagakute-shi,35.1840825,137.0487221
Aichi-ken Togo-cho,34.8128911,137.41906
Aichi-ken Toyoyama-cho,35.2504275,136.9119355
Aichi-ken Oguchi-cho,35.3324692,136.907715
Aichi-ken Fuso-cho,35.3590988,136.9132145
Aichi-ken Oharu-cho,35.175149,136.8200536
Aichi-ken Kanie-cho,35.1321068,136.7867399
Aichi-ken Tobishima-mura,35.0783098,136.7925906
Aichi-ken Agui-cho,34.9328576,136.9150744
Aichi-ken Higashiura-cho,34.9771086,136.9655438
Aichi-ken Minamichita-cho,34.7152126,136.9299921
Aichi-ken Mihama-cho,34.7788811,136.9081955
Aichi-ken Taketoyo-cho,34.8511173,136.9147841
Aichi-ken Kota-cho,34.8644762,137.1656831
Aichi-ken Shitara-cho,35.0971147,137.57138
Aichi-ken Toei-cho,35.0769751,137.6978066
Aichi-ken Toyone-mura,35.1460858,137.7188631
Mie-ken Tsu-shi,34.7186389,136.5052256
Mie-ken Yokkaichi-shi,34.9651064,136.6244121
Mie-ken Ise-shi,34.4874863,136.7092639
Mie-ken Matsusaka-shi,34.5779758,136.5276154
Mie-ken Kuwana-shi,35.0621467,136.683793
Mie-ken Suzuka-shi,34.8816575,136.5842308
Mie-ken Nabari-shi,34.6275071,136.1084508
Mie-ken Owase-shi,34.0707921,136.1909177
Mie-ken Kameyama-shi,34.855829,136.4515719
Mie-ken Toba-shi,34.4818168,136.8432542
Mie-ken Kumano-shi,33.8885197,136.1002268
Mie-ken Inabe-shi,35.1157029,136.5614649
Mie-ken Shima-shi,34.3281783,136.8296341
Mie-ken Iga-shi,34.7685703,136.1298712
Mie-ken Kisosaki-cho,35.0750956,136.7325083
Mie-ken Toin-cho,35.0742999,136.5837102
Mie-ken Komono-cho,35.0199868,136.5073674
Mie-ken Asahi-cho,35.0342948,136.6644761
Mie-ken Kawagoe-cho,35.0229594,136.6739022
Mie-ken Taki-cho,34.496245,136.5460801
Mie-ken Meiwa-cho,34.5475687,136.6231912
Mie-ken Odai-cho,34.3933922,136.4079367
Mie-ken Tamaki-cho,34.4902591,136.6308751
Mie-ken Watarai-cho,34.4388531,136.6224404
Mie-ken Taiki-cho,34.3581034,136.4162208
Mie-ken Minamiise-cho,34.352102,136.7037883
Mie-ken Kihoku-cho,34.2115448,136.3372636
Mie-ken Mihama-cho,33.8262988,136.0479703
Mie-ken Kiho-cho,33.7338148,136.0097461
Shiga-ken Otsu-shi,35.0178371,135.8552084
Shiga-ken Hikone-shi,35.2743905,136.2596827
Shiga-ken Nagahama-shi,35.3806116,136.2783094
Shiga-ken Omihachiman-shi,35.1283594,136.0979635
Shiga-ken Kusatsu-shi,35.013047,135.9597579
Shiga-ken Moriyama-shi,35.0590033,135.9943759
Shiga-ken Ritto-shi,35.0214392,135.9979842
Shiga-ken Koka-shi,34.966081,136.166348
Shiga-ken Yasu-shi,35.0674758,136.02591
Shiga-ken Konan-shi,35.0041128,136.084662
Shiga-ken Takashima-shi,35.3530069,136.0357401
Shiga-ken Higashiomi-shi,35.112626,136.2075751
Shiga-ken Maibara-shi,35.3154598,136.2839538
Shiga-ken Hino-cho,35.0180299,136.2459972
Shiga-ken Ryuo-cho,35.0607672,136.1244806
Shiga-ken Aisho-cho,35.1688431,136.2122567
Shiga-ken Toyosato-cho,35.2004767,136.2299935
Shiga-ken Kora-cho,35.2041976,136.2613601
Shiga-ken Taga-cho,35.1688431,136.2122567
Kyoto-fu Kyoto-shi,35.011564,135.7681489
Kyoto-fu Kyoto-shi Kita-ku,35.1109388,135.6952715
Kyoto-fu Kyoto-shi Kamigyo-ku,35.0281683,135.7568372
Kyoto-fu Kyoto-shi Sakyo-ku,35.1630759,135.8089934
Kyoto-fu Kyoto-shi Nakagyo-ku,35.0116367,135.7449914
Kyoto-fu Kyoto-shi Higashiyama-ku,34.9923961,135.7757965
Kyoto-fu Kyoto-shi Shimogyo-ku,34.992615,135.7568372
Kyoto-fu Kyoto-shi Minami-ku,34.9661615,135.7378854
Kyoto-fu Kyoto-shi Ukyo-ku,35.14708,135.6196079
Kyoto-fu Kyoto-shi Fushimi-ku,34.9324155,135.7710559
Kyoto-fu Kyoto-shi Yamashina-ku,34.9830499,135.8137377
Kyoto-fu Kyoto-shi Nishikyo-ku,34.9647297,135.6668835
Kyoto-fu Fukuchiyama-shi,35.2966988,135.1265486
Kyoto-fu Maizuru-shi,35.4747759,135.3861501
Kyoto-fu Ayabe-shi,35.298807,135.2583674
Kyoto-fu Uji-shi,34.8845134,135.7997037
Kyoto-fu Miyazu-shi,35.535626,135.1956327
Kyoto-fu Kameoka-shi,35.0134498,135.5735249
Kyoto-fu Joyo-shi,34.8529803,135.7800588
Kyoto-fu Muko-shi,34.9487061,135.6984171
Kyoto-fu Nagaokakyo-shi,34.9268155,135.6955225
Kyoto-fu Yawata-shi,34.8755613,135.7076676
Kyoto-fu Kyotanabe-shi,34.8144429,135.7676507
Kyoto-fu Kyotango-shi,35.6241985,135.0610621
Kyoto-fu Nantan-shi,35.1073408,135.470236
Kyoto-fu Kizugawa-shi,34.7371443,135.8200813
Kyoto-fu Oyamazaki-cho,34.902774,135.6885636
Kyoto-fu Kumiyama-cho,34.8820762,135.7328026
Kyoto-fu Ide-cho,34.7986382,135.802792
Kyoto-fu Ujitawara-cho,34.8526684,135.8568466
Kyoto-fu Kasagi-cho,34.760427,135.9393765
Kyoto-fu Wazuka-cho,34.7956895,135.9049299
Kyoto-fu Seika-cho,34.7608669,135.785669
Kyoto-fu Minamiyamashiro-mura,34.7727672,135.9935885
Kyoto-fu Kyotamba-cho,35.1643059,135.423044
Kyoto-fu Ine-cho,35.675712,135.2874835
Kyoto-fu Yosano-cho,35.5653057,135.1529265
Osaka-fu Osaka-shi,34.6937249,135.5022535
Osaka-fu Osaka-shi Miyakojima-ku,34.7107152,135.5299142
Osaka-fu Osaka-shi Fukushima-ku,34.6935945,135.4733534
Osaka-fu Osaka-shi Konohana-ku,34.6764557,135.4168607
Osaka-fu Osaka-shi Nishi-ku,34.6817078,135.4868241
Osaka-fu Osaka-shi Minato-ku,34.6582476,135.454515
Osaka-fu Osaka-shi Taisho-ku,34.6447963,135.4639333
Osaka-fu Osaka-shi Tennoji-ku,34.6619001,135.5204827
Osaka-fu Osaka-shi Naniwa-ku,34.6611058,135.4945558
Osaka-fu Osaka-shi Nishiyodogawa-ku,34.7006338,135.4403911
Osaka-fu Osaka-shi Higashiyodogawa-ku,34.74173090000001,135.5393476
Osaka-fu Osaka-shi Higashinari-ku,34.67158750000001,135.5464239
Osaka-fu Osaka-shi Ikuno-ku,34.6527639,135.5393476
Osaka-fu Osaka-shi Asahi-ku,34.7249712,135.5464239
Osaka-fu Osaka-shi Joto-ku,34.6926929,135.5487829
Osaka-fu Osaka-shi Abeno-ku,34.6308713,135.5110531
Osaka-fu Osaka-shi Sumiyoshi-ku,34.6087395,135.5016253
Osaka-fu Osaka-shi Higashisumiyoshi-ku,34.6217288,135.5299142
Osaka-fu Osaka-shi Nishinari-ku,34.64000530000001,135.4921995
Osaka-fu Osaka-shi Yodogawa-ku,34.7334895,135.4827755
Osaka-fu Osaka-shi Tsurumi-ku,34.7013567,135.5676592
Osaka-fu Osaka-shi Suminoe-ku,34.6091167,135.4828518
Osaka-fu Osaka-shi Hirano-ku,34.6079989,135.5582201
Osaka-fu Osaka-shi Kita-ku,34.7066033,135.5016253
Osaka-fu Osaka-shi Chuo-ku,34.6842571,135.5110531
Osaka-fu Sakai-shi,34.5733261,135.4831176
Osaka-fu Sakai-shi Sakai-ku,34.5733261,135.4831176
Osaka-fu Sakai-shi Naka-ku,34.5308875,135.4969122
Osaka-fu Sakai-shi Higashi-ku,34.5415718,135.5299142
Osaka-fu Sakai-shi Nishi-ku,34.567473,135.4215658
Osaka-fu Sakai-shi Minami-ku,34.4774265,135.4969122
Osaka-fu Sakai-shi Kita-ku,34.5685511,135.5110531
Osaka-fu Sakai-shi Mihara-ku,34.5367198,135.5582201
Osaka-fu Kishiwada-shi,34.4607027,135.3706923
Osaka-fu Toyonaka-shi,34.7811075,135.469953
Osaka-fu Ikeda-shi,34.8215568,135.4283797
Osaka-fu Suita-shi,34.7593593,135.5164769
Osaka-fu Izumiotsu-shi,34.5043551,135.4105306
Osaka-fu Takatsuki-shi,34.846193,135.6174134
Osaka-fu Kaizuka-shi,34.4385213,135.3585535
Osaka-fu Moriguchi-shi,34.7361019,135.5613039
Osaka-fu Hirakata-shi,34.8147385,135.6511362
Osaka-fu Ibaraki-shi,34.8163589,135.5685016
Osaka-fu Yao-shi,34.6268613,135.6007522
Osaka-fu Izumisano-shi,34.4068926,135.3273027
Osaka-fu Tondabayashi-shi,34.4996203,135.5973146
Osaka-fu Neyagawa-shi,34.7662504,135.6280175
Osaka-fu Kawachinagano-shi,34.45774050000001,135.5639385
Osaka-fu Matsubara-shi,34.5780574,135.5517138
Osaka-fu Daito-shi,34.7120087,135.6234392
Osaka-fu Izumi-shi,34.4832989,135.4237749
Osaka-fu Minoh-shi,34.8269299,135.4704565
Osaka-fu Kashiwara-shi,34.5791141,135.6283141
Osaka-fu Habikino-shi,34.55814240000001,135.606125
Osaka-fu Kadoma-shi,34.739572,135.5868996
Osaka-fu Settsu-shi,34.7773401,135.5617786
Osaka-fu Takaishi-shi,34.5207035,135.4424491
Osaka-fu Fujiidera-shi,34.5743165,135.597575
Osaka-fu Higashiosaka-shi,34.6792862,135.600851
Osaka-fu Sennan-shi,34.3661235,135.2725491
Osaka-fu Shijonawate-shi,34.7400792,135.6401132
Osaka-fu Katano-shi,34.7883551,135.6802475
Osaka-fu Osakasayama-shi,34.5036838,135.5557281
Osaka-fu Hannan-shi,34.3596076,135.2394232
Osaka-fu Shimamoto-cho,34.8837537,135.6630918
Osaka-fu Toyono-cho,34.9189661,135.4941009
Osaka-fu Nose-cho,34.9725352,135.4142645
Osaka-fu Tadaoka-cho,34.4871534,135.4014013
Osaka-fu Kumatori-cho,34.4013512,135.3559607
Osaka-fu Tajiri-cho,34.3938003,135.291153
Osaka-fu Misaki-cho,34.3173248,135.142186
Osaka-fu Taishi-cho,34.5189996,135.6474155
Osaka-fu Kanan-cho,34.4915803,135.6296384
Osaka-fu Chihayaakasaka-mura,34.4646481,135.6225846
Hyogo-ken Kobe-shi,34.6900806,135.1956311
Hyogo-ken Kobe-shi Higashinada-ku,34.7289563,135.2712363
Hyogo-ken Kobe-shi Nada-ku,34.738301,135.2149877
Hyogo-ken Kobe-shi Hyogo-ku,34.6900806,135.1956311
Hyogo-ken Kobe-shi Nagata-ku,34.6657654,135.1447728
Hyogo-ken Kobe-shi Suma-ku,34.6683139,135.1026951
Hyogo-ken Kobe-shi Tarumi-ku,34.650884,135.0653249
Hyogo-ken Kobe-shi Kita-ku,34.7962262,135.168166
Hyogo-ken Kobe-shi Chuo-ku,34.6673806,135.2149877
Hyogo-ken Kobe-shi Nishi-ku,34.7264223,135.0186548
Hyogo-ken Himeji-shi,34.8154176,134.6855509
Hyogo-ken Amagasaki-shi,34.7327113,135.4057914
Hyogo-ken Akashi-shi,34.6432078,134.9975859
Hyogo-ken Nishinomiya-shi,34.7376029,135.3415109
Hyogo-ken Sumoto-shi,34.34288830000001,134.895295
Hyogo-ken Ashiya-shi,34.726954,135.3041271
Hyogo-ken Itami-shi,34.7843478,135.4009097
Hyogo-ken Aioi-shi,34.803968,134.4683474
Hyogo-ken Toyooka-shi,35.544556,134.8202406
Hyogo-ken Kakogawa-shi,34.7569193,134.84136
Hyogo-ken Ako-shi,34.7550685,134.3902271
Hyogo-ken Nishiwaki-shi,34.9933877,134.9693549
Hyogo-ken Takarazuka-shi,34.7999842,135.3602593
Hyogo-ken Miki-shi,34.7968964,134.9901941
Hyogo-ken Takasago-shi,34.7661005,134.7906014
Hyogo-ken Kawanishi-shi,34.8301986,135.4173955
Hyogo-ken Ono-shi,34.8531978,134.93151
Hyogo-ken Sanda-shi,34.8900002,135.225507
Hyogo-ken Kasai-shi,34.9280226,134.841609
Hyogo-ken Tambasasayama-shi,35.0757292,135.2191961
Hyogo-ken Yabu-shi,35.40461200000001,134.7676319
Hyogo-ken Tamba-shi,35.177132,135.0358419
Hyogo-ken Minamiawaji-shi,34.2944897,134.7797816
Hyogo-ken Asago-shi,35.3397832,134.8523483
Hyogo-ken Awaji-shi,34.4396558,134.9149109
Hyogo-ken Shiso-shi,35.0042414,134.5493785
Hyogo-ken Kato-shi,34.9185915,134.9734436
Hyogo-ken Tatsuno-shi,34.8314078,134.5494238
Hyogo-ken Inagawa-cho,34.8950618,135.3761626
Hyogo-ken Taka-cho,35.0502159,134.9234248
Hyogo-ken Inami-cho,34.7487279,134.913496
Hyogo-ken Harima-cho,34.7152468,134.8680023
Hyogo-ken Ichikawa-cho,34.9892293,134.7633272
Hyogo-ken Fukusaki-cho,34.9502382,134.7601816
Hyogo-ken Kamikawa-cho,35.0641675,134.739557
Hyogo-ken Taishi-cho,34.8332769,134.5722801
Hyogo-ken Kamigori-cho,34.8736349,134.3562274
Hyogo-ken Sayo-cho,34.9553432,134.3410739
Hyogo-ken Kami-cho,35.6319709,134.6293458
Hyogo-ken Shinonsen-cho,35.62369109999999,134.4489297
Nara-ken Nara-shi,34.685109,135.8048019
Nara-ken Yamatotakada-shi,34.51508159999999,135.7363946
Nara-ken Yamatokoriyama-shi,34.6488378,135.7825031
Nara-ken Tenri-shi,34.5966597,135.8373605
Nara-ken Kashihara-shi,34.50945,135.7925947
Nara-ken Sakurai-shi,34.5186708,135.8432263
Nara-ken Gojo-shi,34.3520322,135.6935169
Nara-ken Gose-shi,34.4633292,135.7401751
Nara-ken Ikoma-shi,34.6919529,135.7005192
Nara-ken Kashiba-shi,34.54124669999999,135.6989837
Nara-ken Katsuragi-shi,34.4892091,135.7264671
Nara-ken Uda-shi,34.5280233,135.9524334
Nara-ken Yamazoe-mura,34.6810511,136.0438602
Nara-ken Heguri-cho,34.6291274,135.7005885
Nara-ken Sango-cho,34.6004107,135.6953605
Nara-ken Ikaruga-cho,34.6088702,135.7306479
Nara-ken Ando-cho,34.6065095,135.7568432
Nara-ken Kawanishi-cho,34.5843899,135.7739874
Nara-ken Miyake-cho,34.5736697,135.7732169
Nara-ken Tawaramoto-cho,34.5566607,135.7950037
Nara-ken Soni-mura,34.51065579999999,136.1246096
Nara-ken Mitsue-mura,34.4880933,136.1659914
Nara-ken Takatori-cho,34.4495417,135.7929907
Nara-ken Asuka-mura,34.4713594,135.8206452
Nara-ken Kammaki-cho,34.5627674,135.7167271
Nara-ken Oji-cho,34.5946947,135.706551
Nara-ken Koryo-cho,34.5427722,135.7508625
Nara-ken Kawai-cho,34.5784524,135.7367008
Nara-ken Yoshino-cho,34.396001,135.857574
Nara-ken Oyodo-cho,34.3906201,135.7897538
Nara-ken Shimoichi-cho,34.3609301,135.7918818
Nara-ken Kurotaki-mura,34.3092604,135.8522867
Nara-ken Tenkawa-mura,34.2419681,135.8552035
Nara-ken Nosegawa-mura,34.1662243,135.6330968
Nara-ken Totsukawa-mura,33.9885408,135.7931012
Nara-ken Shimokitayama-mura,34.0050411,135.955093
Nara-ken Kamikitayama-mura,34.1342853,136.0001391
Nara-ken Kawakami-mura,34.3381388,135.9543865
Nara-ken Higashiyoshino-mura,34.4035062,135.9683737
Wakayama-ken Wakayama-shi,34.2303678,135.1707405
Wakayama-ken Kainan-shi,34.1546514,135.2557113
Wakayama-ken Hashimoto-shi,34.3146694,135.6054068
Wakayama-ken Arida-shi,34.0830306,135.1276824
Wakayama-ken Gobo-shi,33.8915718,135.1516396
Wakayama-ken Tanabe-shi,33.7280054,135.3777299
Wakayama-ken Shingu-shi,33.7241203,135.9924819
Wakayama-ken Kinokawa-shi,34.2698471,135.3626864
Wakayama-ken Iwade-shi,34.256226,135.3113393
Wakayama-ken Kimino-cho,34.1672506,135.3075864
Wakayama-ken Katsuragi-cho,34.2966918,135.5036497
Wakayama-ken Kudoyama-cho,34.2871892,135.5622558
Wakayama-ken Koya-cho,34.2160949,135.5865298
Wakayama-ken Yuasa-cho,34.0294274,135.1904792
Wakayama-ken Hirogawa-cho,34.03008519999999,135.1727254
Wakayama-ken Aridagawa-cho,34.0704634,135.2298848
Wakayama-ken Mihama-cho,33.8938033,135.1333014
Wakayama-ken Hidaka-cho,33.9256939,135.1411289
Wakayama-ken Yura-cho,33.9592854,135.1182368
Wakayama-ken Inami-cho,33.8180271,135.2177612
Wakayama-ken Minabe-cho,33.7723658,135.3215997
Wakayama-ken Hidakagawa-cho,33.9117586,135.1858938
Wakayama-ken Shirahama-cho,33.6781397,135.3481896
Wakayama-ken Kamitonda-cho,33.6960499,135.4284972
Wakayama-ken Susami-cho,33.5501227,135.4966256
Wakayama-ken Nachikatsuura-cho,33.6260859,135.9410357
Wakayama-ken Taiji-cho,33.5940431,135.9439575
Wakayama-ken Kozagawa-cho,33.5319209,135.8148162
Wakayama-ken Kitayama-mura,33.9320981,135.9691631
Wakayama-ken Kushimoto-cho,33.4725476,135.7814691
Tottori-ken Tottori-shi,35.5011082,134.2351011
Tottori-ken Yonago-shi,35.4281164,133.3309966
Tottori-ken Kurayoshi-shi,35.4304213,133.8260633
Tottori-ken Sakaiminato-shi,35.5396534,133.2316204
Tottori-ken Iwami-cho,35.5759498,134.3321448
Tottori-ken Wakasa-cho,35.4092294,134.2505435
Tottori-ken Chizu-cho,35.2650609,134.2265612
Tottori-ken Yazu-cho,35.4092294,134.2505435
Tottori-ken Misasa-cho,35.4082191,133.862252
Tottori-ken Yurihama-cho,35.4899318,133.8646827
Tottori-ken Kotoura-cho,35.4947725,133.6924155
Tottori-ken Hokuei-cho,35.4900736,133.7585247
Tottori-ken Hiezu-son,35.4401788,133.3807532
Tottori-ken Daisen-cho,35.5106767,133.49631
Tottori-ken Nambu-cho,35.3708151,133.3618958
Tottori-ken Hoki-cho,35.385245,133.4074141
Tottori-ken Nichinan-cho,35.1635053,133.3062192
Tottori-ken Hino-cho,35.2407978,133.4426849
Tottori-ken Kofu-cho,35.2829909,133.4884052
Shimane-ken Matsue-shi,35.4681908,133.0484055
Shimane-ken Hamada-shi,34.8993937,132.0802638
Shimane-ken Izumo-shi,35.3670442,132.7546943
Shimane-ken Masuda-shi,34.674846,131.842886
Shimane-ken Oda-shi,35.1920811,132.4992838
Shimane-ken Yasugi-shi,35.4309827,133.2510947
Shimane-ken Gotsu-shi,35.01129350000001,132.2207943
Shimane-ken Unnan-shi,35.3077562,132.9006125
Shimane-ken Okuizumo-cho,35.197497,133.0024194
Shimane-ken Iinan-cho,34.998776,132.7133762
Shimane-ken Kawamoto-machi,34.9952452,132.4958351
Shimane-ken Misato-cho,35.0765771,132.590645
Shimane-ken Onan-cho,34.8939743,132.4379194
Shimane-ken Tsuwano-cho,34.4670081,131.7729894
Shimane-ken Yoshika-cho,34.3534873,131.9350726
Shimane-ken Ama-cho,36.0965035,133.0967318
Shimane-ken Nishinoshima-cho,36.093278,132.9943698
Shimane-ken Chibu-mura,36.0139223,133.0395309
Shimane-ken Okinoshima-cho,36.20915,133.3216953
Okayama-ken Okayama-shi,34.6555312,133.919795
Okayama-ken Okayama-shi Kita-ku,34.8117311,133.9055155
Okayama-ken Okayama-shi Naka-ku,34.6607058,133.9627492
Okayama-ken Okayama-shi Higashi-ku,34.6978082,134.0389554
Okayama-ken Okayama-shi Minami-ku,34.587625,133.8864226
Okayama-ken Kurashiki-shi,34.5849782,133.7719812
Okayama-ken Tsuyama-shi,35.0691643,134.0045802
Okayama-ken Tamano-shi,34.4919653,133.9459812
Okayama-ken Kasaoka-shi,34.5071564,133.5073882
Okayama-ken Ibara-shi,34.5976994,133.4637324
Okayama-ken Soja-shi,34.6728321,133.7465205
Okayama-ken Takahashi-shi,34.7910378,133.6168529
Okayama-ken Niimi-shi,34.9770399,133.4703448
Okayama-ken Bizen-shi,34.7451943,134.1881743
Okayama-ken Setouchi-shi,34.664903,134.0928408
Okayama-ken Akaiwa-shi,34.7553712,134.0187579
Okayama-ken Maniwa-shi,35.0755545,133.752773
Okayama-ken Mimasaka-shi,35.0086247,134.148604
Okayama-ken Asakuchi-shi,34.5278237,133.5848277
Okayama-ken Wake-cho,34.8028404,134.1574266
Okayama-ken Hayashima-cho,34.6008105,133.8283617
Okayama-ken Satosho-cho,34.51355849999999,133.5568533
Okayama-ken Yakage-cho,34.6279819,133.5874206
Okayama-ken Shinjo-son,35.1794843,133.5677721
Okayama-ken Kagamino-cho,35.0917986,133.9329334
Okayama-ken Shoo-cho,35.0418509,134.116168
Okayama-ken Nagi-cho,35.1230307,134.1774711
Okayama-ken Nishiawakura-son,35.1713738,134.3363377
Okayama-ken Kumenan-cho,34.9292461,133.9608129
Okayama-ken Misaki-cho,34.9979457,133.9582143
Okayama-ken Kibichuo-cho,34.8634781,133.6935381
Hiroshima-ken Hiroshima-shi,34.3852894,132.4553055
Hiroshima-ken Hiroshima-shi Naka-ku,34.3814319,132.4479016
Hiroshima-ken Hiroshima-shi Higashi-ku,34.4267058,132.5019101
Hiroshima-ken Hiroshima-shi Minami-ku,34.3804394,132.4822771
Hiroshima-ken Hiroshima-shi Nishi-ku,34.4055736,132.4233339
Hiroshima-ken Hiroshima-shi Asaminami-ku,34.4686269,132.4036715
Hiroshima-ken Hiroshima-shi Asakita-ku,34.5324007,132.5313457
Hiroshima-ken Hiroshima-shi Aki-ku,34.4029419,132.5999643
Hiroshima-ken Hiroshima-shi Saeki-ku,34.4675803,132.2559685
Hiroshima-ken Kure-shi,34.2489485,132.5655271
Hiroshima-ken Takehara-shi,34.3417913,132.9070578
Hiroshima-ken Mihara-shi,34.3974307,133.0787608
Hiroshima-ken Onomichi-shi,34.4088998,133.2049142
Hiroshima-ken Fukuyama-shi,34.4859845,133.3624239
Hiroshima-ken Fuchu-shi,34.5680343,133.2365146
Hiroshima-ken Miyoshi-shi,34.80559,132.8518798
Hiroshima-ken Shobara-shi,34.8577531,133.0172624
Hiroshima-ken Otake-shi,34.2376953,132.2221691
Hiroshima-ken Higashihiroshima-shi,34.4264138,132.7433115
Hiroshima-ken Hatsukaichi-shi,34.3487975,132.3317862
Hiroshima-ken Akitakata-shi,34.6662948,132.704317
Hiroshima-ken Etajima-shi,34.1749276,132.4622065
Hiroshima-ken Fuchu-cho,34.3924292,132.504531
Hiroshima-ken Kaita-cho,34.3721705,132.5360861
Hiroshima-ken Kumano-cho,34.3357937,132.5845718
Hiroshima-ken Saka-cho,34.3412844,132.5136345
Hiroshima-ken Akiota-cho,34.5767695,132.2272117
Hiroshima-ken Kitahiroshima-cho,34.6746159,132.5383858
Hiroshima-ken Osakikamijima-cho,34.2695149,132.9157359
Hiroshima-ken Sera-cho,34.5868067,133.0566521
Hiroshima-ken Jinsekikogen-cho,34.7036484,133.2478294
Yamaguchi-ken Shimonoseki-shi,33.95752969999999,130.9411759
Yamaguchi-ken Ube-shi,33.9515554,131.2468161
Yamaguchi-ken Yamaguchi-shi,34.1782945,131.4738432
Yamaguchi-ken Hagi-shi,34.4081121,131.3990499
Yamaguchi-ken Hofu-shi,34.0517251,131.5627309
Yamaguchi-ken Kudamatsu-shi,34.0138304,131.8695466
Yamaguchi-ken Iwakuni-shi,34.1667451,132.2191641
Yamaguchi-ken Hikari-shi,33.9618201,131.9422491
Yamaguchi-ken Nagato-shi,34.370856,131.18262
Yamaguchi-ken Yanai-shi,33.9638862,132.1016377
Yamaguchi-ken Mine-shi,34.1664663,131.2060721
Yamaguchi-ken Shunan-shi,34.0550099,131.8061149
Yamaguchi-ken Sanyoonoda-shi,34.0030544,131.1822044
Yamaguchi-ken Suooshima-cho,33.9276093,132.1953602
Yamaguchi-ken Waki-cho,34.2024049,132.2202092
Yamaguchi-ken Kaminoseki-cho,33.8309548,132.1107462
Yamaguchi-ken Tabuse-cho,33.9547155,132.0413779
Yamaguchi-ken Hirao-cho,33.937943,132.0731789
Yamaguchi-ken Abu-cho,34.5032839,131.471441
Tokushima-ken Tokushima-shi,34.0703652,134.5549537
Tokushima-ken Naruto-shi,34.1726034,134.608866
Tokushima-ken Komatsushima-shi,34.0047412,134.5907301
Tokushima-ken Anan-shi,33.9217662,134.659438
Tokushima-ken Yoshinogawa-shi,34.0662658,134.3586854
Tokushima-ken Awa-shi,34.1015446,134.2976012
Tokushima-ken Mima-shi,34.0533582,134.169914
Tokushima-ken Miyoshi-shi,34.0260234,133.8072458
Tokushima-ken Katsuura-cho,33.9314392,134.5113528
Tokushima-ken Kamikatsu-cho,33.8891631,134.4019661
Tokushima-ken Sanagouchi-son,33.9931989,134.4532143
Tokushima-ken Ishii-cho,34.0742086,134.4407484
Tokushima-ken Kamiyama-cho,33.9672275,134.3504705
Tokushima-ken Naka-cho,33.8574529,134.4966709
Tokushima-ken Mugi-cho,33.6683813,134.4206795
Tokushima-ken Minami-cho,33.7345546,134.5355415
Tokushima-ken Kaiyo-cho,33.6020139,134.3520063
Tokushima-ken Matsushige-cho,34.1337869,134.5805474
Tokushima-ken Kitajima-cho,34.1255652,134.546958
Tokushima-ken Aizumi-cho,34.1262062,134.4957967
Tokushima-ken Itano-cho,34.1443613,134.4625881
Tokushima-ken Kamiita-cho,34.1214189,134.4049271
Tokushima-ken Tsurugi-cho,34.0373054,134.0640817
Tokushima-ken Higashimiyoshi-cho,34.0368653,133.9369172
Kagawa-ken Takamatsu-shi,34.342542,134.0465405
Kagawa-ken Marugame-shi,34.2893547,133.797643
Kagawa-ken Sakaide-shi,34.316426,133.8604948
Kagawa-ken Zentsuji-shi,34.2285301,133.7870982
Kagawa-ken Kanonji-shi,34.1284357,133.6628477
Kagawa-ken Sanuki-shi,34.3253204,134.1720506
Kagawa-ken Higashikagawa-shi,34.243727,134.358959
Kagawa-ken Mitoyo-shi,34.1825338,133.7151175
Kagawa-ken Tonosho-cho,34.4860446,134.1857748
Kagawa-ken Shodoshima-cho,34.4818325,134.2336123
Kagawa-ken Miki-cho,34.2684471,134.1343947
Kagawa-ken Naoshima-cho,34.4597802,133.9956414
Kagawa-ken Utazu-cho,34.3113524,133.825692
Kagawa-ken Ayagawa-cho,34.2496407,133.9231427
Kagawa-ken Kotohira-cho,34.1914394,133.823306
Kagawa-ken Tadotsu-cho,34.2722762,133.7532274
Kagawa-ken Manno-cho,34.1923098,133.8414391
Ehime-ken Matsuyama-shi,33.8393515,132.7653057
Ehime-ken Imabari-shi,34.0662024,132.9977906
Ehime-ken Uwajima-shi,33.2235707,132.560384
Ehime-ken Yawatahama-shi,33.4628782,132.4233981
Ehime-ken Niihama-shi,33.9602876,133.2833918
Ehime-ken Saijo-shi,33.919495,133.1811444
Ehime-ken Ozu-shi,33.5061905,132.5446184
Ehime-ken Iyo-shi,33.7576929,132.7038611
Ehime-ken Shikokuchuo-shi,33.9804152,133.5490295
Ehime-ken Seiyo-shi,33.3625701,132.5109702
Ehime-ken Toon-shi,33.7910504,132.8722841
Ehime-ken Kamijima-cho,34.25746609999999,133.2044953
Ehime-ken Kumakogen-cho,33.6555115,132.9017821
Ehime-ken Masaki-cho,33.7874698,132.7113675
Ehime-ken Tobe-cho,33.7492345,132.7922393
Ehime-ken Uchiko-cho,33.5329067,132.6579791
Ehime-ken Ikata-cho,33.4886038,132.3542025
Ehime-ken Matsuno-cho,33.2272576,132.7107477
Ehime-ken Kihoku-cho,33.2559058,132.6841588
Ehime-ken Ainan-cho,32.9623239,132.5835016
Kochi-ken Kochi-shi,33.5588821,133.5312383
Kochi-ken Muroto-shi,33.2899726,134.152103
Kochi-ken Aki-shi,33.5025379,133.9071048
Kochi-ken Nankoku-shi,33.575688,133.6414203
Kochi-ken Tosa-shi,33.4960562,133.4252581
Kochi-ken Susaki-shi,33.400844,133.2829397
Kochi-ken Sukumo-shi,32.9389868,132.7261631
Kochi-ken Tosashimizu-shi,32.7815775,132.9550004
Kochi-ken Shimanto-shi,32.9913865,132.9337854
Kochi-ken Konan-shi,33.5641492,133.7005313
Kochi-ken Kami-shi,33.6037533,133.686005
Kochi-ken Toyo-cho,33.5279897,134.2800827
Kochi-ken Nahari-cho,33.4237767,134.0212393
Kochi-ken Tano-cho,33.4279337,134.0081071
Kochi-ken Yasuda-cho,33.4384869,133.9811504
Kochi-ken Kitagawa-mura,33.4479283,134.0422728
Kochi-ken Umaji-mura,33.5555002,134.0485258
Kochi-ken Geisei-mura,33.5269872,133.8091297
Kochi-ken Motoyama-cho,33.7571057,133.5913505
Kochi-ken Otoyo-cho,33.7642948,133.6643281
Kochi-ken Tosa-cho,33.7370178,133.5317933
Kochi-ken Okawa-mura,33.78391149999999,133.4666865
Kochi-ken Ino-cho,33.5486713,133.4277083
Kochi-ken Niyodogawa-cho,33.5752059,133.1686229
Kochi-ken Nakatosa-cho,33.3372797,133.1402034
Kochi-ken Sakawa-cho,33.5008795,133.2867116
Kochi-ken Ochi-cho,33.5328657,133.2521763
Kochi-ken Yusuhara-cho,33.392282,132.9270325
Kochi-ken Hidaka-mura,33.5347963,133.3733377
Kochi-ken Tsuno-cho,33.4463304,133.2001276
Kochi-ken Shimanto-cho,33.2115825,133.137102
Kochi-ken Otsuki-cho,32.8415639,132.7080585
Kochi-ken Mihara-mura,32.9101358,132.8463869
Kochi-ken Kuroshio-cho,33.0248705,133.0108664
Fukuoka-ken Kitakyushu-shi,33.8834976,130.8751773
Fukuoka-ken Kitakyushu-shi Moji-ku,33.9032695,130.9687836
Fukuoka-ken Kitakyushu-shi Wakamatsu-ku,33.8993416,130.7462671
Fukuoka-ken Kitakyushu-shi Tobata-ku,33.9068469,130.8323418
Fukuoka-ken Kitakyushu-shi Kokurakita-ku,33.8880229,130.8677469
Fukuoka-ken Kitakyushu-shi Kokuraminami-ku,33.8107405,130.8980767
Fukuoka-ken Kitakyushu-shi Yahatahigashi-ku,33.8564609,130.8070391
Fukuoka-ken Kitakyushu-shi Yahatanishi-ku,33.8434495,130.7462671
Fukuoka-ken Fukuoka-shi,33.5901838,130.4016888
Fukuoka-ken Fukuoka-shi Higashi-ku,33.6358122,130.4210684
Fukuoka-ken Fukuoka-shi Hakata-ku,33.5903415,130.4414465
Fukuoka-ken Fukuoka-shi Chuo-ku,33.588913,130.3853898
Fukuoka-ken Fukuoka-shi Minami-ku,33.5421157,130.4210684
Fukuoka-ken Fukuoka-shi Nishi-ku,33.5952139,130.2373477
Fukuoka-ken Fukuoka-shi Jonan-ku,33.5500267,130.3649922
Fukuoka-ken Fukuoka-shi Sawara-ku,33.4748535,130.3292795
Fukuoka-ken Omuta-shi,33.0301948,130.4461388
Fukuoka-ken Kurume-shi,33.3192356,130.5083557
Fukuoka-ken Nogata-shi,33.7440436,130.7295553
Fukuoka-ken Iizuka-shi,33.6465627,130.6911797
Fukuoka-ken Tagawa-shi,33.6388425,130.8061786
Fukuoka-ken Yanagawa-shi,33.1631009,130.4058124
Fukuoka-ken Yame-shi,33.2119555,130.5579315
Fukuoka-ken Chikugo-shi,33.2123792,130.5022337
Fukuoka-ken Okawa-shi,33.2057622,130.3841324
Fukuoka-ken Yukuhashi-shi,33.7288417,130.982874
Fukuoka-ken Buzen-shi,33.6115344,131.1303136
Fukuoka-ken Nakama-shi,33.8163036,130.7089788
Fukuoka-ken Ogori-shi,33.396427,130.5555506
Fukuoka-ken Chikushino-shi,33.4962497,130.5155935
Fukuoka-ken Kasuga-shi,33.5326117,130.4705019
Fukuoka-ken Onojo-shi,33.5369648,130.478597
Fukuoka-ken Munakata-shi,33.8055433,130.5410298
Fukuoka-ken Dazaifu-shi,33.51277340000001,130.5239685
Fukuoka-ken Koga-shi,33.7287624,130.4700958
Fukuoka-ken Fukutsu-shi,33.7667633,130.4910622
Fukuoka-ken Ukiha-shi,33.3474487,130.7550034
Fukuoka-ken Miyawaka-shi,33.7235308,130.6667557
Fukuoka-ken Kama-shi,33.5633066,130.7116158
Fukuoka-ken Asakura-shi,33.4234677,130.6656664
Fukuoka-ken Miyama-shi,33.1525179,130.4747265
Fukuoka-ken Itoshima-shi,33.5573018,130.1955296
Fukuoka-ken Nakagawa-shi,33.4995319,130.4221702
Fukuoka-ken Umi-machi,33.5677378,130.5111996
Fukuoka-ken Sasaguri-machi,33.6239314,130.5261801
Fukuoka-ken Shime-machi,33.5913508,130.4790271
Fukuoka-ken Sue-machi,33.5872957,130.5072732
Fukuoka-ken Shingu-machi,33.7153098,130.4465158
Fukuoka-ken Hisayama-machi,33.6467866,130.4998942
Fukuoka-ken Kasuya-machi,33.6107297,130.4805588
Fukuoka-ken Ashiya-machi,33.8938696,130.663761
Fukuoka-ken Mizumaki-machi,33.8548263,130.6949688
Fukuoka-ken Okagaki-machi,33.8537037,130.6119628
Fukuoka-ken Onga-cho,33.8481327,130.6684571
Fukuoka-ken Kotake-machi,33.692512,130.7127331
Fukuoka-ken Kurate-machi,33.7922074,130.6740443
Fukuoka-ken Keisen-machi,33.5789082,130.6780899
Fukuoka-ken Chikuzen-machi,33.4570626,130.5952314
Fukuoka-ken Toho-mura,33.4691587,130.8246299
Fukuoka-ken Tachiarai-machi,33.3723783,130.6225861
Fukuoka-ken Oki-machi,33.2105364,130.4398201
Fukuoka-ken Hirokawa-machi,33.2416013,130.5514669
Fukuoka-ken Kawara-machi,33.6686042,130.8467107
Fukuoka-ken Soeda-machi,33.5718368,130.8540843
Fukuoka-ken Itoda-machi,33.6527454,130.7790436
Fukuoka-ken Kawasaki-machi,33.5999115,130.8150123
Fukuoka-ken Oto-machi,33.6123823,130.8537908
Fukuoka-ken Aka-mura,33.6167033,130.8708355
Fukuoka-ken Fukuchi-machi,33.6826424,130.7798359
Fukuoka-ken Kanda-machi,33.7759741,130.9805119
Fukuoka-ken Miyako-machi,33.6992844,130.9203066
Fukuoka-ken Yoshitomi-machi,33.6026817,131.1760175
Fukuoka-ken Koge-machi,33.5783934,131.1647771
Fukuoka-ken Chikujo-machi,33.6561901,131.0559561
Saga-ken Saga-shi,33.2631179,130.3009057
Saga-ken Karatsu-shi,33.4500971,129.9682676
Saga-ken Tosu-shi,33.3778796,130.5062434
Saga-ken Taku-shi,33.28856409999999,130.1100619
Saga-ken Imari-shi,33.2650014,129.8804221
Saga-ken Takeo-shi,33.1941592,130.0215646
Saga-ken Kashima-shi,33.1037584,130.0985898
Saga-ken Ogi-shi,33.2738073,130.2174726
Saga-ken Ureshino-shi,33.1009323,129.9870664
Saga-ken Kanzaki-shi,33.3107141,130.3730662
Saga-ken Yoshinogari-cho,33.3516328,130.3982813
Saga-ken Kiyama-cho,33.4269948,130.5230506
Saga-ken Kamimine-cho,33.319638,130.4261594
Saga-ken Miyaki-cho,33.3253697,130.4537068
Saga-ken Genkai-cho,33.4721352,129.8748261
Saga-ken Arita-cho,33.2106507,129.8490169
Saga-ken Omachi-cho,33.2138258,130.1162246
Saga-ken Kohoku-machi,33.2205881,130.1573857
Saga-ken Shiroishi-cho,33.1809913,130.1433886
Saga-ken Tara-cho,33.0193939,130.179138
Nagasaki-ken Nagasaki-shi,32.7503334,129.8778888
Nagasaki-ken Sasebo-shi,33.1804356,129.7157996
Nagasaki-ken Shimabara-shi,32.7882308,130.3708414
Nagasaki-ken Isahaya-shi,32.8434342,130.0531121
Nagasaki-ken Omura-shi,32.9000257,129.9578634
Nagasaki-ken Hirado-shi,33.3680242,129.5536778
Nagasaki-ken Matsuura-shi,33.3410325,129.7090637
Nagasaki-ken Tsushima-shi,34.2027806,129.2875205
Nagasaki-ken Iki-shi,33.7499356,129.6915216
Nagasaki-ken Goto-shi,32.6954809,128.8409418
Nagasaki-ken Saikai-shi,32.9330152,129.6429182
Nagasaki-ken Unzen-shi,32.8352046,130.1874427
Nagasaki-ken Minamishimabara-shi,32.6598435,130.2978711
Nagasaki-ken Nagayo-cho,32.8252247,129.8750026
Nagasaki-ken Togitsu-cho,32.8274261,129.848489
Nagasaki-ken Higashisonogi-cho,33.0370931,129.9172038
Nagasaki-ken Kawatana-cho,33.0727189,129.8614819
Nagasaki-ken Hasami-cho,33.1380123,129.8956276
Nagasaki-ken Ojika-cho,33.1910508,129.0589599
Nagasaki-ken Saza-cho,33.2384406,129.6503634
Nagasaki-ken Shinkamigoto-cho,32.984529,129.0733574
Kumamoto-ken Kumamoto-shi,32.8032164,130.7079369
Kumamoto-ken Kumamoto-shi Chuuou-ku,32.802657,130.7259955
Kumamoto-ken Kumamoto-shi Higashi-ku,32.8164206,130.7867889
Kumamoto-ken Kumamoto-shi Nishi-ku,32.8156057,130.6448378
Kumamoto-ken Kumamoto-shi Minami-ku,32.7243927,130.6854309
Kumamoto-ken Kumamoto-shi Kita-ku,32.8804376,130.6955747
Kumamoto-ken Yatsushiro-shi,32.5083376,130.6018162
Kumamoto-ken Hitoyoshi-shi,32.2167672,130.739758
Kumamoto-ken Arao-shi,32.986737,130.4330435
Kumamoto-ken Minamata-shi,32.2118618,130.4087101
Kumamoto-ken Tamana-shi,32.9351492,130.5627537
Kumamoto-ken Yamaga-shi,33.0177211,130.6912829
Kumamoto-ken Kikuchi-shi,32.9789312,130.8129958
Kumamoto-ken Uto-shi,32.6873631,130.6589603
Kumamoto-ken Kamiamakusa-shi,32.5873502,130.4304049
Kumamoto-ken Uki-shi,32.6478322,130.6843561
Kumamoto-ken Aso-shi,32.9521207,131.1211959
Kumamoto-ken Amakusa-shi,32.4585255,130.1934363
Kumamoto-ken Koshi-shi,32.8860179,130.7897473
Kumamoto-ken Misato-machi,32.6396899,130.7887699
Kumamoto-ken Gyokuto-machi,32.9182845,130.6288237
Kumamoto-ken Nankan-machi,33.0616259,130.5412074
Kumamoto-ken Nagasu-machi,32.9297403,130.4527125
Kumamoto-ken Nagomi-machi,32.9780877,130.6058317
Kumamoto-ken Ozu-machi,32.8600518,130.8639546
Kumamoto-ken Kikuyo-machi,32.8625445,130.8286809
Kumamoto-ken Minamioguni-machi,33.0986845,131.0704605
Kumamoto-ken Oguni-machi,33.12155720000001,131.0681257
Kumamoto-ken Ubuyama-mura,32.995546,131.2168106
Kumamoto-ken Takamori-machi,32.8273152,131.1219214
Kumamoto-ken Nishihara-mura,32.8346826,130.902916
Kumamoto-ken Minamiaso-mura,32.8451086,131.0177827
Kumamoto-ken Mifune-machi,32.7139658,130.802338
Kumamoto-ken Kashima-machi,32.7400953,130.75739
Kumamoto-ken Mashiki-machi,32.7913655,130.8163407
Kumamoto-ken Kosa-machi,32.6514763,130.811423
Kumamoto-ken Yamato-cho,32.6854071,130.9906021
Kumamoto-ken Hikawa-cho,32.5825004,130.6736844
Kumamoto-ken Ashikita-machi,32.29915450000001,130.4930762
Kumamoto-ken Tsunagi-machi,32.233852,130.4395819
Kumamoto-ken Nishiki-machi,32.2012222,130.841118
Kumamoto-ken Taragi-machi,32.2638392,130.935659
Kumamoto-ken Yunomae-machi,32.276183,130.9808998
Kumamoto-ken Mizukami-mura,32.3143707,131.0094135
Kumamoto-ken Sagara-mura,32.2353414,130.7978545
Kumamoto-ken Itsuki-mura,32.3973531,130.8278272
Kumamoto-ken Yamae-mura,32.2468282,130.7667332
Kumamoto-ken Kuma-mura,32.2523649,130.6512065
Kumamoto-ken Asagiri-cho,32.2403837,130.8978829
Kumamoto-ken Reihoku-machi,32.5133922,130.0548132
Oita-ken Oita-shi,33.2396084,131.6095148
Oita-ken Beppu-shi,33.2844614,131.4907093
Oita-ken Nakatsu-shi,33.5557659,131.2009971
Oita-ken Hita-shi,33.3206146,130.9404064
Oita-ken Saiki-shi,32.959827,131.9000563
Oita-ken Usuki-shi,33.1260482,131.805109
Oita-ken Tsukumi-shi,33.0719855,131.8611407
Oita-ken Taketa-shi,32.9736457,131.3978846
Oita-ken Bungotakada-shi,33.5567076,131.4470674
Oita-ken Kitsuki-shi,33.4169955,131.6161818
Oita-ken Usa-shi,33.5319902,131.3496285
Oita-ken Bungoono-shi,32.9783415,131.5843317
Oita-ken Yufu-shi,33.1800519,131.4267755
Oita-ken Kunisaki-shi,33.5632285,131.7319983
Oita-ken Himeshima-mura,33.7244961,131.6453198
Oita-ken Hiji-machi,33.369216,131.5326365
Oita-ken Kokonoe-machi,33.2285239,131.1888843
Oita-ken Kusu-machi,33.2831156,131.1514722
Miyazaki-ken Miyazaki-shi,31.9077285,131.4202196
Miyazaki-ken Miyakonojo-shi,31.7195907,131.061559
Miyazaki-ken Nobeoka-shi,32.5823201,131.6651407
Miyazaki-ken Nichinan-shi,31.601975,131.3787684
Miyazaki-ken Kobayashi-shi,31.9967791,130.973069
Miyazaki-ken Hyuga-shi,32.4225894,131.624414
Miyazaki-ken Kushima-shi,31.4645293,131.2283553
Miyazaki-ken Saito-shi,32.1085481,131.4013035
Miyazaki-ken Ebino-shi,32.0454877,130.8109945
Miyazaki-ken Mimata-cho,31.7300096,131.1256688
Miyazaki-ken Takaharu-cho,31.9283593,131.0078725
Miyazaki-ken Kunitomi-cho,31.9906853,131.3235433
Miyazaki-ken Aya-cho,31.9990419,131.2532548
Miyazaki-ken Takanabe-cho,32.1367121,131.5276283
Miyazaki-ken Shintomi-cho,32.0689842,131.48801
Miyazaki-ken Nishimera-son,32.22630520000001,131.1544193
Miyazaki-ken Kijo-cho,32.1645387,131.474266
Miyazaki-ken Kawaminami-cho,32.2052407,131.5311297
Miyazaki-ken Tsuno-cho,32.2561603,131.5591016
Miyazaki-ken Kadogawa-cho,32.4698011,131.6487172
Miyazaki-ken Morotsuka-son,32.5126528,131.3307554
Miyazaki-ken Shiiba-son,32.467289,131.1584013
Miyazaki-ken Misato-cho,32.4400118,131.422789
Miyazaki-ken Takachiho-cho,32.7117181,131.3078559
Miyazaki-ken Hinokage-cho,32.6537495,131.3882025
Miyazaki-ken Gokase-cho,32.6829565,131.1965217
Kagoshima-ken Kagoshima-shi,31.5968539,130.5571392
Kagoshima-ken Kanoya-shi,31.3782477,130.8522618
Kagoshima-ken Makurazaki-shi,31.2728662,130.2966917
Kagoshima-ken Akune-shi,32.0145142,130.1926741
Kagoshima-ken Izumi-shi,32.0903001,130.3531905
Kagoshima-ken Ibusuki-shi,31.2527917,130.6330497
Kagoshima-ken Nishinoomote-shi,30.7323202,130.996955
Kagoshima-ken Tarumizu-shi,31.4927791,130.7010327
Kagoshima-ken Satsumasendai-shi,31.8132856,130.3034644
Kagoshima-ken Hioki-shi,31.6336558,130.4025264
Kagoshima-ken So-shi,31.6536431,131.0194269
Kagoshima-ken Kirishima-shi,31.7407317,130.7633282
Kagoshima-ken Ichikikushikino-shi,31.7145684,130.2720139
Kagoshima-ken Minamisatsuma-shi,31.4167019,130.3233185
Kagoshima-ken Shibushi-shi,31.4955583,131.0454228
Kagoshima-ken Amami-shi,28.3773699,129.4938065
Kagoshima-ken Minamikyusyu-shi,31.3782612,130.441621
Kagoshima-ken Isa-shi,32.0570092,130.6131107
Kagoshima-ken Aira-shi,31.7279778,130.6277691
Kagoshima-ken Mishima-mura,30.7803451,130.2801795
Kagoshima-ken Toshima-mura,29.8378137,129.8535127
Kagoshima-ken Satsuma-cho,31.9057599,130.4557274
Kagoshima-ken Nagashima-cho,32.1993626,130.1769905
Kagoshima-ken Yusui-cho,31.951674,130.7210772
Kagoshima-ken Osaki-cho,31.4292305,131.0058638
Kagoshima-ken Higashikushira-cho,31.3857627,130.9737212
Kagoshima-ken Kinko-cho,31.2435904,130.7875408
Kagoshima-ken Minamiosumi-cho,31.2174252,130.7682648
Kagoshima-ken Kimotsuki-cho,31.34438,130.9452066
Kagoshima-ken Nakatane-cho,30.5330005,130.9586835
Kagoshima-ken Minamitane-cho,30.4139819,130.9010199
Kagoshima-ken Yakushima-cho,30.3714631,130.6646167
Kagoshima-ken Yamato-son,28.3576096,129.3948364
Kagoshima-ken Uken-son,28.2807399,129.2973412
Kagoshima-ken Setouchi-cho,28.1464066,129.3148349
Kagoshima-ken Tatsugo-cho,28.4132672,129.5893686
Kagoshima-ken Kikai-cho,28.3169631,129.9400511
Kagoshima-ken Tokunoshima-cho,27.7267695,129.0188091
Kagoshima-ken Amagi-cho,27.8117941,128.8979416
Kagoshima-ken Isen-cho,27.6735195,128.9378668
Kagoshima-ken Wadomari-cho,27.3919048,128.6556155
Kagoshima-ken China-cho,27.3336317,128.5737285
Kagoshima-ken Yoron-cho,27.0485366,128.4148345
Okinawa-ken Naha-shi,26.2125758,127.6790208
Okinawa-ken Ginowan-shi,26.2815391,127.7785065
Okinawa-ken Ishigaki-shi,24.3406856,124.1555837
Okinawa-ken Urasoe-shi,26.2457804,127.7217156
Okinawa-ken Nago-shi,26.5915575,127.9775272
Okinawa-ken Itoman-shi,26.1236704,127.6657634
Okinawa-ken Okinawa-shi,26.3343533,127.8056058
Okinawa-ken Tomigusuku-shi,26.1610648,127.6689865
Okinawa-ken Uruma-shi,26.3786847,127.8574931
Okinawa-ken Miyakojima-shi,24.8055336,125.2810637
Okinawa-ken Nanjo-shi,26.1649735,127.7684511
Okinawa-ken Kunigami-son,26.7456488,128.1779451
Okinawa-ken Ogimi-son,26.7017482,128.1201583
Okinawa-ken Higashi-son,26.6332139,128.1568878
Okinawa-ken Nakijin-son,26.6824968,127.9721323
Okinawa-ken Motobu-cho,26.6575819,127.8977643
Okinawa-ken Onna-son,26.4975957,127.8529654
Okinawa-ken Ginoza-son,26.4817032,127.9755719
Okinawa-ken Kin-cho,26.4561898,127.9259867
Okinawa-ken Ie-son,26.7135406,127.807032
Okinawa-ken Yomitan-son,26.3960774,127.7444117
Okinawa-ken Kadena-cho,26.3616176,127.7549744
Okinawa-ken Chatan-cho,26.3201215,127.7637247
Okinawa-ken Kitanakagusuku-son,26.3010778,127.7930651
Okinawa-ken Nakagusuku-son,26.2671905,127.7910006
Okinawa-ken Nishihara-cho,26.2228349,127.7588392
Okinawa-ken Yonabaru-cho,26.1995377,127.7549246
Okinawa-ken Haebaru-cho,26.1908561,127.7296187
Okinawa-ken Tokashiki-son,26.197383,127.364322
Okinawa-ken Zamami-son,26.2286041,127.3032561
Okinawa-ken Aguni-son,26.5824229,127.2276174
Okinawa-ken Tonaki-son,26.3721262,127.1410435
Okinawa-ken Minamidaito-son,25.828778,131.2321399
Okinawa-ken Kitadaito-son,25.9459487,131.2989516
Okinawa-ken Iheya-son,27.0384936,127.9686378
Okinawa-ken Izena-son,26.9283447,127.9412073
Okinawa-ken Kumejima-cho,26.34051,126.8050422
Okinawa-ken Yaese-cho,26.1551026,127.7211239
Okinawa-ken Tarama-son,24.6693949,124.701534
Okinawa-ken Taketomi-cho,24.2830762,123.8807296
Okinawa-ken Yonaguni-cho,24.4679818,123.0045238
